Account,Token Account,Quantity,AIRDROP
GypeM9BqKeKGJGTnPxTf1PdVa3UC2LkiYnvvW8CJSNj2,5CQuapmsq7bUuL64HfMigafHAsR9uynUjnktSXLmNJFY,50000000,500000000
ABHVsoEg22fo69mxu12VAEseVdpfRR9uW9jyVoZ9v1di,GbJxuFjYBq7R677dPGD2LeB4RHV995sHHmuBP3oxZ7w9,361598378.9,3615983789
A7YWD2fHaeGKQhshWyWW7pwyb6f7L6PMg5ZgVF4N9fLY,5PBLnAdqnSQCtKVk8dQnrrMRS9PyAX7zhKtrvGRzssud,100000000,1000000000
3jhmLJ5VgkeYAmzxzzzTND66PZrKL2RScHYr2StgkwBh,HedzNftu9r9rhqGqSYZj9Qisrt7UbQ81GKfb3SWzmnve,"40,980,258.75",409802587.5
JQCdzkb9w6DEhG1jPqf1AVDLdGwRmyugMnxNxzBgNVk,DKSFYBz4imWhYiWnXXKrmJNkmYrkPK9wkKFinYrrX8VS,24151429.18,241514291.8
AacnZiHmaWHaKu2WQphrMTLsT2GLrWa4jKQ13k8Ppsvo,7PhLwRYhu62wR8pDpFGeCjEDJ5r924rPqKhV6es13KaX,20971778.58,209717785.8
9hhkUsh9vkRhQXfWHkmV4Jn25wnBPDtJs8U5rAZvnXCA,5TQTx7syHuRE5ogyS1aUiwaYSWLCZFWMc7oP1HhWGbmr,20424981.65,204249816.5
5gxzx86DD2pzsrso5NWRsJKqU2sjF9annpHFtCxF5wPE,69JbyeXmGs5v96chesqCcKPex9fka597FR8WphoimeDy,19722471.02,197224710.2
3RgdsTJgxtBvjAxNc48gyPbVXDNiniRRFgvTX6Axnaev,6wzepRzUa3k6BbsHD7uCSKzpFTovyLHv4MM49GrFvZii,13728219.32,137282193.2
JDDrf3zWjwz4kfMDAZziRomQMhn7Bt9biG8Gz7uasVrU,61iamaJ9p2nWDEcfPb29xHXkZhP5AdkuLuXGA4JDauau,13629961,136299610
3RonnycCxE4g5QNRNSkkeNwTY8hu6gAFNAUCjtrHiLy2,2DRUShLUv5xQEiPZ5u6JSx3bTUV886ZVKFxtjxyv8KDp,15000000,150000000
AeFXgPLkuWrWgMMjWxMwDW5MjcwEYzADhQgxLvXDZXar,GNmxN4gDsX27pRuSewR9U1EitBtmRLyh8xuEdic5ffEK,10928712.22,109287122.2
GGtZvJpDjz2k2Ld9FQzAyGvbBHcZanhGRbMhsDs163Sh,AWZULMWiVpY9LEhZzCZ74RzH2ouxTwcZMdBFHs2nvDcm,10788361.41,107883614.1
BXsP5sLhwCkPB5EJyGsacZCpmt4XRT9QcZGcME6NbgGp,7JxBHvC45daL4DjgEdpnxaZSUNonmbzJGuz9uAPLcjWZ,10226183.57,102261835.7
Fj6cFYanakSvACJ133JKngB77Po8Jasqur9eAdg6QE2n,F8KbjYZJntQhTaFk7TDq3NuB7BrqUMdNp1Gher8eQWx9,9297058.58,92970585.8
G3g33UKCbqgDT9qWoTYaASK8agNSRuVu13k3a19LYLS9,6hjWzZJKdGd5aEpsTemvpCSttr1Kg4mt5RqWnyGYhASk,9230769.23,92307692.3
GMvp7tuAmRFk6gTfTjsSYVCchaJ4HUSsAG7a3KWKtVp1,A82z4B1xXegkPWEhgjBC3uPG27Z4UtMKwMieq47LLdD7,20000000,200000000
A7zvWqsyiQcWZAU4KHf9xJQvaRMudr16tBFzNoNMnp4S,HZM72CKxk9u7fAbKkWThzLbjS9oTAGzaACrWAtgQPfoB,8817393.76,88173937.6
AnY7kQsUaz256D2SpuK7tSM77dpEhtd54qvMi1PZcHc6,3B3Jp16N5wKGdoeri1kiKyDZcDNvKCRUZECriQ2kQsbC,8088429.53,80884295.3
AZWMzm3iQYYa5E7iNt2DRsPh3ni7DNHWNfLVwTfVWsYw,Bh2822Jg1qcAHoT5X7Ktw89WzVrXLLaHX9Bg66gGKAUo,25000000,250000000
2fhYFZK5sk9fXPMdCh2HxRGX71gPySxQH6NW4jE3D8gc,6A7fc99hMap3p5eQYxdfM7CksVVwDRkEqWLwYQVQdJRk,6897063.32,68970633.2
Fo4chmEucV7ZjrxRVJhfZYvuUQTZKu1ZiiWiK8JpDuqx,BmseZnSkAa4xyVxeU5gEFwFdrA1gnL6D3mfXq3HvgAaQ,6099820.43,60998204.3
EBFBigFZ86zXWurHH59wx9MmUQBU4Bkz2C4gHQ4XRLPF,6K8STXMmCXGrsdmmA65SfE7vNunA33ZcWmbSXjUdbHBL,5727124.47,57271244.7
Doa4uQqpWuWgWmha2C6rgdJML3iFbALcGnDd3LweRTZV,4geexnffbC77yj5itHQUTQdiTqirRs1SaoTKVnVj7NgP,5527274.73,55272747.3
2js7Do9mrsjgUF7ji4DAxMyX6L6CCnB7KEoF5TvAWZzS,YfwAMLpnKAL57cwkBX7JDFyLK7cxwudVBTVFc4UdUCV,5086232.81,50862328.1
EPbZ4VPKYKppA6DantyKg3XoHuD8gLbSob4EZ6k8fi2q,8wRDRhFNegf2wTAJHq6D8kBaiAZVRMJig8Fyu9FGHy9n,4765273.98,47652739.8
12Y7qdTfWtCC7t87V6MjhTHCuT5CEpBwkY5WF5Je2qep,EH6wRiQmB21ysMX7JRge2udkqxaDadgGCE4VC7iJAY8c,4748147.37,47481473.7
EcGyqbVGsYV2rGQkicZh8PAcJMDPXgUsbvpEEZ7WstgS,BocCKbz11a5GZJp8gXKjjtEfDTtWhmBHcLLFz4chXY2S,4720192.31,47201923.1
4WbywyQAb4N1PH83dYB8sZAejpEsCwXQUp7pmvukfQHM,Fque9zjdNY3AsiHke7GrwiToVD5Xoz3Ztxeas2qZWi79,4689977.71,46899777.1
6VKBAGRAaujStf8FYSdpYxSp3oB7XyMEYRfpDzUQfNPU,3YMj2q8nLsxSG8TNhFH4fe1oUfW6pdPqdbLUSDkKYgCQ,4374243.84,43742438.4
5TCZW9BEiHCt2VAuh2vgKjEHRGEpGbgutcyM6i34PSXf,9zBUC6qprNU3eg2cHxj4NW6bnPA1YYsTJRYSS9mWgKzH,4311961.73,43119617.3
GeG993YQZGZ39UsQ4saRRDWMHjYLZAkW57hhoeSwuhio,ALsKb7qSyWYDqgLcmEu5dAWKCkparTEvw4CMkMHWEFmt,3748677,37486770
6F5U8yLCA5MhMVnf5SwLhKZ9jet1JXarwEHu349db3EX,A4rRF8dpcUnG8bb5xfoJkKvuitBcN2o2Ri9U1fuFL4St,3732346.25,37323462.5
6TNth6PPviLL4jkXhe2M7qvyMTmQLWPY8gTRxVxKwCz7,9Dvjy3HFcVyDSaytHmRSqTKBeqo9GoHzbDuAp55CK7zJ,3687879.6,36878796
4eFQzAhq69Xnw14gRUZHvmrCGunkkTyj27dbofc6eqD6,HCGzTV81zr3QGq4k7vDHmyeoanxEMmzJmKxtiiufaeFp,3645842.29,36458422.9
5gS14Pm8ACJvnutYZg6D1PEK9G3Nw8E6NtRXwY2aiGeo,96Bwtu9kAeG7YbivCHCfR5PL9Utiv7bL4EUN8BSdNhcE,3619691.04,36196910.4
6DJLqoW23mJ8ayL6MD4ThdSEM7R6DWaScsyVABu85DmL,3BgeBywkroPyxiNYzsUxqgiy1oQAuoNTRiTHCH6jZKCu,3442626.63,34426266.3
EF87curTeNN7DKR55L8xENpm5Cqr5q4aaEtUmWNJQiJU,GLso99JMe2xvcvuHSeR5TVXzC9cdBFMc9DyN8JamUq52,3383668.55,33836685.5
2hhCNF5PPNvRjAN6VcKmeAm5hzdsgstrmRheqwZy96e6,3amPjXUPW44jikkE8whBd3b76gmWQj61X8r7N8VRi9NH,3361280.22,33612802.2
BqpiTCkZCZ9uECk5j1DPxjd4DYYrpmGCWfg2jyFieXEt,5L38SsZ39R8Pe3bcwyLePywooaagT2u8tkbRmrcpSWvz,3190749.58,31907495.8
8N6a3dJKxg23RfuZNBJoGaQ8gS3NBGNcb3cwzyy1zFqJ,6AWH1sgXnsbTMK4tmDsAp8SqtYoahbVPuSPcokhczyaz,2810449.88,28104498.8
Ciriyw6QHKfpn23nLUVQPFmAsKttQp6S81bqBJqjSvx,E7cF51ZzNPwA5Nsna4rjnF7U7aPSvgBCj8KMNWKNQTkm,2543583.79,25435837.9
EwTsbPd5QeGVjezWNfMQKRCz56RSUpkavU9jWxWiDy6e,4tBhL9jQ3YMUHmvsXHAKdardKdFvXu27FiMsMrwKxcFq,2538398.07,25383980.7
AFRoVaLMineL1j7vVkhBqihKXJK9Cb84TQVf2k1VH4H8,8zCBvx4jGN9SYsgNfFj6xGu6Ffp12AtZe6Np2X2EpUXA,2302915.05,23029150.5
9SX4M5MtcTgeCokXgCNc1wWp9cbGaNCR71GahBXDuLtp,CvF4knvUyw4jDQ9fVuek2zN7QWp8hvbnt62ehJtnCjG8,2248233.06,22482330.6
CtfictZcMXY48vMisNNZpwxiEWyaqSoDyveN2TmLiRxS,5NSe1csX7AHBbjodAQXVdDLaLADuhDce6NEuvGGUXxob,8186297.28,81862972.8
7otNeqLG9vs5rZNuXJxBe8QGe4R73uEGzMYKVuDjkAgk,EA4v2XznxuVytNaUKRyrTsTpJFkXy9ugqqKs5bq5uTGq,2175278.97,21752789.7
BXjhcmSY7Kh5djKWXcHvPrzW9HAB3gY4eAuq4L6KxZZf,8BtSYSDsVwJk6ZrWmzYqDftD3SsuMcJYr9oBZ3VXQSAR,2149116.77,21491167.7
AMU6JWsDf5xMzVvQ3ciwpsRMiEhqLySGRNmpLH7W2qGc,9onP75b98PXtegEcEEPPNbVbUWqAaKMpsZxJgvMaoMyY,2099538.75,20995387.5
4PoRp8KSAzTJX7FLcZCkpchKLQVtJUoP3youURSyZx5u,75sw7rvxNJpeo3HcuKuiYabFxQV26EcwMpFkhWkU2iZC,2084027.02,20840270.2
4keN7c23gmBSmQS7cVnkWFiKtaVeEHw39H7awbnQyadr,F3W7MbNjpoj6oASk77qw7XnqtzjFHGK25YEmHaiZSLJw,1966985.79,19669857.9
9sD5iQojWnLaDpZ2kDe4YPvMLRtjdQHGNnp9WU22NjGr,2Tc3HTw6hPGbTpHWUPTm8ijHJeCNFMVDVgbJ4y4NvZ6x,1888778.3,18887783
BuxjPFbC1xxzTRn25gbwab5sbjhSFNXPx7dLmDiRxXKX,99qtasM47MFUxA3kjsTADNGBusmdAjRSwUHRMKx94C8X,1804733.45,18047334.5
zdHcwUjevGjHiaUwEvoGVL3Eb1aEfN9nTnYa9qqH7CH,HpWjGtH1rshpseT6jqy6rBWYKWNpqtmPePkfftqdxGFC,1792052.92,17920529.2
EGNig1X2wHNQsv84doi8nPF3bZToh3iAyaG8PtvaWKJB,FT2CNzioDKyiBgbvdbaWH5Qbtb7431F657mq6kxFDcRq,1600000,16000000
AWEihv2qqjysJE7jo7ZN6FGo1bu5SeCJvF43WkcebSMJ,6th3fUfDEGJrQ7X82JjabdAjMeA5S9XsJTGKHGnKTHeT,1539813.43,15398134.3
FGKZxFDktmwenCeexrHu4NZQKCh7W7ha3DE5Xp3kZV3y,HPL7EcBFPcLjcD8LbN71H4D2KHEoEtcTbNcBRvFtA2Wr,1353498.46,13534984.6
2yKxAG83hyPspwidaYPBJgJFaK7ayZpbSWRDtuYsxV1R,Atk7U8PBFwiktKVuzEyNsqF3rdp21nSQDxp4FdSJ9jKj,1294687.53,12946875.3
HE1FFYoCEZH7paDriBdFKp9dX75BHaPxMRpFBLuLwbqA,D1hymuqjVT5ahvY5E8pphazJogPzsHGEXRykXASHTbxL,1273485.75,12734857.5
2R9pVfmBDUwREep3MjRAwVJ5NFq4A6ieDtabEfY8KTHY,73fxGsHXyzHkt2PSooSsND258RHU9GypT7tg8ETAiLjW,1239016.89,12390168.9
93b7Q9ZQzxEcDWXcxh44s4dzyX7aU4cxBqPS6v91VNgZ,9zbPS96inLHx3wNg4wgdfraVoaLthz3QZb1DWMYW1gaE,1183055.01,11830550.1
8TsQBtJCQnbuEqsgGvpcjy9mhWMduR3hS5xpaWMJ7MWF,FGjZmsMCBJzwLhESQHZkfSevrXaQ6j14pWs9vM1Apape,1180422.21,11804222.1
AwgVoyFwAwB8vH4KnsRCGdfuaCoVHmmrT7okuLJv38dT,6pyXVUPBiyj4y9cn6n1BV6bNttwPHoEjFPKJDQjTWwSK,1172388.83,11723888.3
EySffgnWCSdvDuhHVteDoWc9EhXRT7E7KookyHcmhzs9,6c6kx3DL8QgvSox3p8BkevkSrJWNjPZwkpUbnBseLCXa,1153986.69,11539866.9
DeN2UAqvTLc8Vb7N22Yh9pGTtcQpPVyKrg63GdgnsSuz,4GF5wxS8DD7raL9hQMYcK7bGDFi24HL8ixrYsrx8XozG,1131624.93,11316249.3
6TFph7roV5CLGhzG451shVBpz7cssZTiAPbUtoccBFni,Q9a92KHSwZBmQJBc3eWX4QkzSdzhyZim68eDRnQ2JND,1117006.59,11170065.9
2MNePgecKTUu2eUKXN3kasALkQoErmq5gs56yYCNVrTN,FaM5KDq6f8EpgAnqZFMzxxveid9NPfEdLGHiA8QHjUC6,1103671.44,11036714.4
PTQZttMwF3W8MB454RGyFeCeZHzsuy86YEk2fQ5Bqji,Z1ELeHT7DgYwrjqs5r8ZG1kzMKRtvtG3db9D4GZf7cd,1100283.32,11002833.2
CKzKfZd1msksFDZAdHdmzdJRXuxMvC5swySsrxPo9eUM,2MSnAbmhmsVBWeL82aF8HSa4ZVXuKs77nxn7LqpcAcRM,1064703.44,10647034.4
2oRpdpxMMDdCqu5L4or9wDAooqK4pVEEdsKEH1pd8mvq,5nmP9DA52AsaX2upEKXx3gjUML6Nxue1PkWo7eMCX7fM,1056492.13,10564921.3
GTMXHCGgxnpYAN92p6RB3tdaWtv9o39T5t7w1B6irB16,HXGnX1tsdPCw25BaTvb352mQt7Y6DNLEkohza1Gzx2Fv,1047122.4,10471224
3PEiVB7HZ99jSt4J13Nz9bZsdPtejwZNDBV2KYAXN7Jm,CeDiMtJnZsm4tf3Ypeq91UWwHG8AvH2WJHyTAhTtU8Vu,1036779.71,10367797.1
3bHMggpiYAZxgfhtL9Q295oHeuCxtPv43T6eWKbTdgAi,53SeWYToLBf4WVbGJ8acCbvkJjeiW7JrhoUNc6eTuL6e,1009990.39,10099903.9
AmAKKxnigt8Zm1JNCRiM1eEcmHncz6QRhZYGjW9BvXMU,j1cFWadHecyCyE43HrqnaQLKSJPC2zuCYrqK3fxaLH6,1002777.24,10027772.4
9enKSJxY7SDj9ApNj5GEtXTQD8B84K6ZFRfbMUDJnNcs,2U7juLCScXgozUj79AXq9XMfDyuSRAcXMcYnW59Z2Xvj,1000266.12,10002661.2
6fiPz5LDuiaz2uC5fhcKMSbFJGFu1LRaqfXJ63mqFtBk,ESxdKQJ1eacWBeYCw69wXumdRbwGpc6fD6vZqvcGsxJw,1000000,10000000
DE7cVLVEZiRkk7KgRhJwucG2D7Ho4QAueteYNYMK9H46,76ccr7fmcftdgzF8hbj6wa3hSuNv8Va8Jxvb5adxiokt,906349.51,9063495.1
9FRbPYF7tgHmyb5SnPSuxAgqLEXvsDwJFZZ7QLhDYtKV,5uRBfevggUGakq91v6UPBNdhK3dGQxXFRUPHNoiMuaTQ,850958.04,8509580.4
D85VnjgoN8hup6JJ1He745WvDzkEvHHWwkVVKB1rawUT,HvL4CJ5f61op6kY2FL29xyabAaW3avr8hZUovYAAYNXE,802359.45,8023594.5
Ga55aQZCrHfaJUWnBaVxWxSLEYpfdXPrzpmujpqr3VZA,BkWhkunf9R65zc6GxEeqTnCmki4DcFkdxvgducYT2GRr,801102.55,8011025.5
9EeaWJaYYn5GQp4k6gw6vUEqJi9EqxsJppZdznv9vPWV,EHzbcHnrhhjho1wdRZEHNwDWaHRPx8tHmB2PqtWqz3eu,800000,8000000
GiNguVfp5eA9dhSBoQPVRSrZ5LGPzRz26YrzFc7Q5MWd,8iHsUjES3YVmg5kimoABNBH9aZNdFkDR8w8icpxwseB6,790765.11,7907651.1
H19UzKopT74snJwo78J839X6v4zro9HMPcQHXRoGSmPK,ETKpFkdgoQnH65FMdwxweDqAY6oe1YcpAX61u7QMQKuK,772480.41,7724804.1
EDBVFpdkC9gGTD6NDkfxynx2j2pYo3s9e2EZ8ho9mzS7,AQYgN2QVaGRNJwehi5LgcvUJMymGPsonjySZdMrGnQwD,768577.54,7685775.4
7o9Bh6J1jQiQqQKWqjCcKuUwZuU4dnHiL7sZSdGwxPtQ,BbiVfEBLWBJZBDQafRdgCajSzaLfGwtAjk6TEYhubDxg,765758.41,7657584.1
7KQrcajdGWrvk87DhSkRPvG2u6pmQrP1rBDhsCoFwtG2,66W6mMEvDoZXXddpvYaDbw79dm5hyZgi8YtaXf6Weqkp,751535.23,7515352.3
BvF71zxDfDKozwVQRDVGkWFp4i55qL7QSCiuv94b1rGX,EQKmzJv9P6Xh9sbFw68NVCSt7KcVhuKR7K4r4AxG16b1,742840.06,7428400.6
AKtujckiEVrCLTRkHgiVNn11MntGdnaUnhqsFAxZAepn,BspDgot8xc3nBetFBNevpvHS4tmrEawWXxgoJEG2Mn3J,734437.4,7344374
GvDe9sseZHjxm159FSU1uLsKrFa2P5GM9cHe9oSBZd4V,EzR92zJJeBRhHaFnctVZNxCXEd63TANcpm5dCeknafCu,702949.87,7029498.7
7JxmDEDYEi3mjwWJotQEZPmbnKET1znBTWceKrqawwLC,8SGGUqfrxsDTiEw65WAAjTe2nVhtsz4xruUHxEexC71m,702407.03,7024070.3
2NengaaGAdKBBqpcivWSvzRX8Lr4fdrgXmE6LvqRpKud,BwfaxaX4sQAr2csxpBptc1GbjX444pJpBYz5i7QMi18m,621844.77,6218447.7
79sJTHaAiw3SpFnmxV4dzLecyy3aZosmjNQZ97DWmrnS,Fp7b7bNe3NgDUsQvCjjCwVqfPkWBBaEjZE6UL9bZ8Pbf,615936.49,6159364.9
7fLzvPNeVrxPhugJg2JEC2LAuAgmqJXWHibHF1Mm7ZTN,CjBK4hmS1yfMnp3xjQUZdX5RrNGG3Jguf1nD5oS5Y14C,600000.52,6000005.2
7YxUrFDGWYbtaTtqL82b7ZaA297tdVxFmXo8yeYhiW6f,BKFJyT6FeTFmmYRgpRYcjM6Uzhg9L8BnKcwq7T2pdfYn,599005.87,5990058.7
3CZBRup85uD7yyUYWQdy1hXJs5CBant9yFQnQhq7XMdE,4HCbc1wBZewf2rWBBVu6zbDFX4bodT7MF8pXLL4pYgRw,584678.31,5846783.1
GVpzmmuYeePNCXUFBQahYQGwgJdthKaM9KzedGjLi1bm,3wFqe8HhWw1VR2ToSBmLFJ9SNKSAH6CUARBmqDEkbsto,582741.71,5827417.1
B6xS2qKWnwoCNG3qvwvT6YUeYAsLtQDSacEkQFodLQQu,6vdwd9afVkGnYsMHARNP4b23q2DBg5Zsu4tQK1tHoqvC,579915.59,5799155.9
6XRUSpewZGiqprWehq4f4pkSE3H9hjHhkenGKiDMdg7b,B5imSSUNYbbkHKitF2EZ6wb17k2mW5joH1NgEtuQTYV4,570895.47,5708954.7
8axpRSPToyikR38C83mrTwZ99NoEPuFF8DzyRdsYC4YL,HTzqb8nkwFxQfrajEL2aRYvzQJimuZqxswXga7BHsR5D,552549.26,5525492.6
7oST7pqYvxnvQwcFsdMcX2A4onYwdbu8yo4EFUVmi99,4Kw6mh1h65GeA1mxZKExxB9G4noMdTmdtyCJt4SjZnm1,541946.16,5419461.6
ELWPwWWF8XjqyQzophhiNmwbMmWtDtugGyejRSWJASLT,FS1pYm8XVycFtN9oi7MWXtKWya6nTKoqXNUNNN8MXBAR,541859.97,5418599.7
2MPjKHPzP78GuQrVKSJB8EpjHizP6UvqAEEeFbbK8Ax8,66deA3BW7HTWusE8WAmt4koFGcn1DXLKhQCEEeYRgE7i,529540.25,5295402.5
8GVAjckX2aus84tYHjC1XDWmurG76hNjNyaR7V21c8MR,67uFJ8V6eXddj9fhCH4sdpcHwCR76MbPeKU8X8wAgTqw,500000,5000000
3qK32HLqx3k7gt5xMe3wb1TP3MFzHWyCf4xYRKg5WkF7,CYGGHRxPEfkbSWwQAtu8M9HfJqLhV737S6vzZgyuF9Cz,489587.79,4895877.9
T5FGU3xTNb6HkkFM2xJYQt5wbVmiEc9aJo3Wx1gsAtF,HWCw4bprc2LNHe8VSC7QuMgu8CJ8fysUt4oyQs2qBSZE,474482.17,4744821.7
C25yZuWNRxvrxKV4PK7ZWDYjoZ3e1nK8Mf4cwasVAQTH,3CEanZnNQLMeShaPMN349Lp8o7b8gEh6nc9FQZyoXmwg,465330.61,4653306.1
B36gY52xxE5jTm77CcPiemtpqEnif6Lcw3Qh2TcjdZY1,HVHWDjPECPNnJYqavLrXnpiu3X1zzjApYcKVYpcixQK1,456090.95,4560909.5
GXRw4h2aomLq1nQ7CQqHtaniptDaWCP9Go6jfVATRJaS,2GUru6BqcWyPytVYbLWZPUKC1kjwBBYesRavHv9YiN6t,445687.19,4456871.9
2h8mTXHU4caeJEw6eq6SyAS9uVF4FEcF52K28AJQ27Hj,HWRzdHAUJBjb8LNWNfWXq5HF27rrVTpnk9Y4S31pYMyK,444770.56,4447705.6
9r9T4GskNv9X8LhUGep9rqxNz9L7ttYHS3QYmxPhyZd8,FQzpvkZfwEuwi7U6xPTpJrUm9APoGFrJLFnLYGbn8muD,441565.29,4415652.9
F4ZaZGPdEMKJA14V6agGtPaXec4RmtVUgBXJZvr8yXJa,9g7J27Md8Yqnvt9u2uSkrkK8Hg8apAPf25FsYKFJLSSZ,428355.4,4283554
AS6yB1sxDsaBEqwSfmjtYncT37bL7UeKh87aVUsuWaTo,F3xfk63G1en98T9REKzbfByLUveXoo6L612y8AqP6LhH,427027.79,4270277.9
61UCPTTL3obrJx8j2swoKXsENSDqWYopSoUVm7fu9sMT,DREcQYq1rHQ7DT6auP7wEf18BqiYvamyugLFDf6Wa3gQ,425594.18,4255941.8
DnvAAzEYTvCBRdXfZS52Cjm5Bg6gySgyHL6UYpkJPaw5,4dfCLQ9SWP4fuMndfMNi7Ng1r8ErY6XGu3qfY4UiHjLe,417912.29,4179122.9
2ajCymqMvtLvZGv64zSQ5dTZaG5Ugjyo7iJQf9tvrw9U,B61Ly97zMjewz7j1JXyTkMuhoTAedrNTqUVTJNK6nmyf,397081.63,3970816.3
DK7J5z9KegUfbgaczQVLMtcfjpRCmMG9h5VpgwrPFt9Q,DRadHKCTQfAXukCn55y3qnbAb4UmhELdDn8waAzTZYtQ,391244.48,3912444.8
ECuwiGrL86YJTSyZrYVv1mP8iQevStdFb8FxGvwKmNpb,Gvjfs56AcTupWKkqpcxxxvzw8VXzovqWbSY4G72149Lw,389536.04,3895360.4
6WKPhJYQqY6D8GpNzFxhVoWmrMTnvVGC1bGVZfm8SD7U,6ghUuJWQgMAn12LYVeXkRf6gMtu4hUddGMiS2cUp8cW6,382447.96,3824479.6
D28UF4D2G4iUGex2hehMWaDX1NMRtzd8gS7gcq5toy8M,7f4WE2ze9cc8tS2sUifuvH7E5HMXoKxe1J8E79pSuTUt,378179.46,3781794.6
A7vZwZTGPQtx1fcnPBo6FKwQEwL7ZRF1UzKZgEvePz6U,58scoPAmyeaVQmiYLAzLuUbh8Bx1LM6ZMUZNcSGJCaju,365971.88,3659718.8
3nQx2xYcVpj2eoG5dfvDukZxCLJDgaguWtNjpNemd3AZ,Aoi5JcmRd2WPvMy3uG6W9BZDdCT2fA5GSVU8t3ZuPFMa,361232.15,3612321.5
GhdGP1xgyhnqT2r8QLZUjnEJitPQVi3k5T5ndL4Yf5LT,9rFpzrvesRsZFmCHepwEz9Pb7gPPQ3WppstrJ889U2cS,350211.71,3502117.1
CnqVe8KVoF6KEoXYq99RpouNg2tmBopcRwKeMbLxGXLn,71yHAVXFDUxkNqWfnFFu26epFrAFuFtdrFvYES3nKf6,344857.31,3448573.1
EBCsiUB3e5ggMfTqj9QnJTU78RCnjGCziNC23sKUr8Gf,AZi2MaoeovKAp1VfHz2gSV8m61Zhsvx5J4JJgHfHbhVQ,343527.77,3435277.7
DfEhimqMWAsWvqVPE11gBoVpNkUAh9URsEqczX2S1qKR,HtNC6AjXVe3zbBssfdoiJyREJe5a5Xte3pPXuMhyq5fj,304477.87,3044778.7
BehRzwLvxjPCnkHUriiJ32Uv73GAgRo4sX8Ek847fQC2,4rMz8Pi8pSJDWHX8QY9sFVQBHRsBkxLwqhAoiPkM8gEP,299339.16,2993391.6
8bBU6SiD1g8ANghuAYh6tPr8gCfJrtmEUF3CUGmxz3qu,5E7bW8wY4KMj95qGVKuE3gLHr6JNDYAPFBd1nHULq6ie,294147.09,2941470.9
Af4xW7fyApvwFJYwEXAYH53jyfb2nKjQmZfzJE8sKqTX,Dpw46SzkmNPTYeu9wEMbixVaHKrAWFPTaYM8c1ijM2MW,291092.93,2910929.3
78WhALz6qmQXzYCbGtZoPSZDEfhsQAciidRdndp9MHQ7,6QccsiYSE6CnzfrSY6XczViYXzTB2P3bD7BCd7bUUh9J,285255.47,2852554.7
BaKAWJJE8fEuBkYL4MQ4Bbdw3tYFW2H9dG22u3wahbX3,BfrBQZNe9zzzK5R9htJtrabK11pn8fosQJh7dLKtU5WM,285193.86,2851938.6
FWTZM3NgjdQDpMohot4zZjksFBqrVu83bvTmG5jjFNvR,5wEUwjjNPuUdHektsDFSntdLCTdSdBuZbReToGyJayWE,284530.34,2845303.4
HUdvHMaYcMUcrNU8mS5RPEFNmzZNXhKdmXLsjZqQVNMy,3yRrKqd2ZUrF9r6qxpfyu9S8qQk6DecZKFpLJWc6NBYZ,275632.78,2756327.8
9fxTrmghiciFf7CegsBSaMN8V68Q2g7tWCXF9h7r62h6,DtERSMiWgFX2BvpgDUXWSkGuvT92rNu4fbQahcFDiExZ,272682.63,2726826.3
6KD53LNPyjZGHtJXrR4AakHbUF5k94JEwCPtJkkVtUJ7,8ypmjXeSEHUJVsqgUM2q1ossMaH265Nm7yN6eJh7bHg9,267367.65,2673676.5
BE1WqWrRV4CTCdjH37A4SZfoQe18sDiLMiFL2WFFWe8v,CYx958TtnDkMCcdxzjdQJpNp17QUvbpwubSL5soqhKR4,266217.64,2662176.4
Ah83cESSeBA7G6KYPc93cgdhbfXrYV36bXckMEGzPEk2,D2RTMce3i8dod3ShSC88aBvLTumdwqpwRFiUT62kKzJ7,261324.83,2613248.3
56dxE1tUJzRdzxVWqJzfEDpRWiJCdfcL11jby8NWNn1c,3rXQVfC5NCto7xcWaAxyTo7ZV7CuqSrrprWzXXkRtpUf,256019.83,2560198.3
4rTgjbShG1TzrzPPDUS2QjMH2WUd1sKz7iRHqTUvXwVo,9ph4u3p9BikMX5yNcaxrKE9q7DsKpyw5cD1uKLSR7yTj,250000,2500000
GDpy1zq88egXeyrm8c8Ny6LjAbAhKUV79fqDU5soszqS,E2xe9fn2pSF9ySd4ab4SuiHecxm4apnWj4ddFMwJ3M43,250000,2500000
7YvgX7eRKKg9YHVMsRXeDpB4pPFC5mKYiwzF1XkhdQci,DknskvUDb3rv2ygB4U5LfAd6h2rNxxfyuRJwzc1a5XHo,240026.03,2400260.3
4m56Gujd7tquZ4La1pt1C6LjznyPiaTVvx3rJqNijcUj,FSDDPSUSakX75YxLeNZC6im5HMwHWLN1sS5AkAeAE9S5,233993.14,2339931.4
G7ePkZFejdEF3fd5pUN2faacjzn2yqLn439zTg3zZsJw,5Rz7fmvTCFfzUyWo5pqR61mdLm5kBM5DjX9HzHmuAdEJ,229174.46,2291744.6
5KfRNSMTsus8um6hoJwqBWPZV7Eutx3ZJpk6NH9HELE,HRk9bgkWtx4u2MHQcYxkJXpMLhPgBZ1J8AVZQGmD7ED7,223219.37,2232193.7
rmr9EhS7DJnZXb4WLDcbFNK8DvA6dHNWN7ijHTsCh3t,HcnrqxYBtbbgmvQ5ixZX9Cu3DqdnMzWQDapaeGEoDk36,221258,2212580
2fZ2tYJSHsE7nSWisRQhF8rfC1Ui2FS4ELwSxcGANGaM,5shXsfnovYivwTeCdVEpzpE8eQYSoSLKbtfbW62idMjQ,216187.68,2161876.8
9iJ45DreNTDtru3uaBXFdyguSZ4vPCQQLXBaCWPAT9Be,6RN79AMng5CD4qM8fqpC1kEC2uMK4qHTeSE2RSKpQjxm,214399.33,2143993.3
Fq86DeebicrgHCuoXQCAgFTYpVqmFezMRJ2nhF26kkgp,2VdZnJFgLnniUdnqJLBrEeTpvbk3Qnib7f1XyQhKNUHF,212101.13,2121011.3
C679Ruck2JLW1NgwNDt7rdavKL3uDd5snLuwhFRmymuQ,9GnuUFk9TzBbL83Zi1S13cDjGRNQEYHKjC4ScDA4XcJ8,209250.17,2092501.7
3VnpWUMSPfbB6oP6NXKTGT5tG1ZA7db7f3X6YkyFtX35,2BwP9WjaTedgXC8g7zJJjvgtgpiVVBj3i9Pq2D9DZdgm,204190.61,2041906.1
9NGC23ch3unEiyb2mN2WaxdWkwD4bN9qwdfcUndVZsDd,DvNBErY6zLDWU5pMroX9M4fCAzL6VGF8R4V1mWTmvcVJ,200009,2000090
CdqHYRagoYD7Kg1ExdWM57vxdPGKxrZwDPrnoeDKiga2,4Hut3R8W7fbh2hCT64CBnm4Z4vSkY2sw9iphfHEM8GXa,200000,2000000
9jXa1YVR2wDx6AXL5h7i3BUe2t4s9Sj3U3NwZM3QSf9m,3GXDHSUxknB4xGxUBdEoMpz2dp6MrcBb2JjSGtFqAQ79,199521.68,1995216.8
6C2W4KQHaGqXzS1bUHgSU1gDEvzkp9QJv1rH9UguS4n4,Hc8wvQSDzkh25ySTB5mHT1o8KCAc7AXKeMzyd8Gc7Rzg,199107.3,1991073
BkhcFULEB6bBYqmXDn7zEb1AUdK8AAnL3uJHEiGWXvdT,8KaaaGSFg9Qa3iVHBeEwv1i2jseTgGBpfBqTJ4MyvyJh,190787.29,1907872.9
47SuoQ92vNC4u66a4bnH6d2gC5MkspB8JjGStLCsuv5x,8U6F6EfrQcNa2rS9Yr1ku8CuqZEtp5w63jztiV4R6mJM,190617.12,1906171.2
CP1bSP4pQJwVPzdfYmKuCyPF43ZvqEps6NDKCAzZs8tJ,DY8R4dAYJLh7ngT7W1CBxTQxebrquZaq3jiqtQeQ7vPh,189940.3,1899403
9uwkiWqsuSGhC5CWHcAp82WCt1LtqahJ1B5j53gYG2pZ,824ermBFeQK2c6bjjbbdNmUsWBT2BNrEqParhkDavL83,189441.75,1894417.5
6NjCiZTVRoCct8nUBKRBAjivRJNeS9wGXnaxQdttXZH4,B1NTXa5zhEZRGbSRFya3P5snhzpchiT9WJb4V2JUJJ7o,187609.75,1876097.5
5Pm6vy6WaVipowpFFWwsupGzPuYMGvsjsYFwiBFKfVd4,F9dH6fpjR8GZZDCPH81Wnz8zCVy3x4bHmd7VV77verZd,184510.28,1845102.8
Fs8twZyj5DJ7wn8sNXJUuSw8veieyax6ma7X6P8WyYYb,GofGJLFz8Lpc6nT4TuGsUmCSfDuzQnMiwqXmFsvNZbpS,182878.69,1828786.9
5Lv4SAaeP4irdFSpTB9jJsLjfZazG7jds4MbYBiY9Rae,D1izsug4mynqES3YFLB1xj1LfSe3KCwKVTPQuNnUL2QG,179849.49,1798494.9
7qqX9gBFLk1scFKQtDckzmN2YHzLMCkEhcAwoSbqXC7k,CxJQhNeHEnZQBMv861hDrxS2ggLXQc8yDYT97ZiQ3MXe,174893.92,1748939.2
HKRqKyThsdGR4wTCbxadm84mRMRpowa63Qg3QvzqjKN2,7yLVnwPKigJL4vZ16cNu1FRW9qCLJofrKRW1y6zdHNLM,169182.92,1691829.2
7tsiqSmGpaDahUwNinz31Fprn5FZwNUkinzdy8GvU24a,J24wmC7FfEzYQiuuW3Rj5A48s3RjAjdQN4Lo8bv6ajrC,168441.43,1684414.3
2LQyKxCMCfb1xfhHpes25YHRZcjiWYqPywpz14NQ2AGv,2cmzt8mJ6Z3TZpZRiocwEm8yjxuCSQe7JRd7MwrgiZKV,167666.19,1676661.9
FGBKa6rZ4oCLmn6MU43MbvKsphocCGW7v9KY1AKArknC,4gH3jfXrAXctn7VkvB9oPrsoM29jyVqzMUHF6K4sermh,166086.13,1660861.3
GTKH7iA1k71Su7cBw57uSdLzWRqvALgDFvKmNdYtAfVp,H8Zn443rE4i5qx2Bp1dPqtZYcgrSw7aENU6ScQgB8BJh,162621.95,1626219.5
EXnjC8HncuMVyF1VzsUZ1cYP6rK6yJxTjbCWgXbrcEsW,64Yt58cWQFVw2wKxXWPe4xCBrv5ctYfD8pKvexGM5SPU,161863.05,1618630.5
7tTsf3RfCdoo9A6PgH93Wjsc96993Q1HWT5B861wZ5T1,5e6hysz6PXMKjRR9o3XUaFzWiYbtxA4oQyV9XmLLFGLr,154310.36,1543103.6
HhRMu4X4WXS9gywMaSVsCCj5ZpzPLX3KPhEDMxuZQFHQ,9G7zT9MDJ5Q29eGTD8DiR7XbGih3KpUBYYLWismz8VoH,153525.68,1535256.8
5hsN2kgBKX2bb4fvPkuoJa7gRiBPiQedN7ZvENxGUk1C,HdYXvGhJ6Zi7PGzAgEEvtF1X6Hx5xk1fr76SGMc8PH2Q,152159.97,1521599.7
71u4qcmEy338i1mTzrrofCJWTsc6JvhGWcquxU3Mp5HQ,5xyjgMcXHCstfU5SzcVJybK3ARDJfWun8WKtP2VzDXWE,150775.5,1507755
6mgnFxA8CrfLgE41vpa7SjQLrmnNpXWYDPWTy2QkjWuu,U5PYvT614dzkaEVXavHyCZbMzAZmraR4TT8YseaMiYV,150390.75,1503907.5
8YjxPaAdMxMZuwPzbm3Cyuh4j9MWEGCzrwRAGdzCiTzn,4NhmVkKqS4dNRQrMRTg51aPFRFiZsyF956giucghnYxb,146638.88,1466388.8
HRioEqNzeAXwJ5h8L7SjYN4UcshnFFaE5GHzbWi9WoP1,F6yrxJSNKHPLRRrLAKD3Pu9VxyhhWReCkrZCAk1X1G1D,146590.4,1465904
73vyfNDxBCgGkKqq2EyQLKUJbANi7zQPHyMCJmmHi5Xo,81AUpNDadjUAcK6Ds6TQuR4tcnXPMVYnqXSnEUamPXwh,143657.8,1436578
Cr1VFRCDy4E6s6EVcUS8TBxw4mdVejAbx199CwLXykwb,4X56EaYVCiHTzaNx4F4TubsvvgTDRQMNAVycSkYSXD1n,139604.6,1396046
1247Ly3k5Bgv31L9fNNGAeJDGm3yBLF4tW46gLYNbgDs,FxhqZiPFGpFRA5TZ5MqLHb8G2V8SyLenVoNRfJQHGDwV,137844.55,1378445.5
DW5KxjWkcBuhvsLtJoxFHghzA2cpza3NJLaqkpsGYc3W,Ajvjax4uvWpTdhVRMAxhKYULSJ1oFfa8BYrcdWFrXXqk,137540.89,1375408.9
8z7Gqunz27cLmnPUKQCaMsKeurPLThfAms9wDkv1c9sW,27kNrDf8o8L5iHEq2NS7k4oxc9UZKJpwGqcG7ERgRzN9,132736.39,1327363.9
CqzTkumSWYQ8PBUK8RQfTqWbm4w3xF6fpvbeq6o1gx1C,J7m2YSrcDjhxhKhq8vRMoGqYrkhxBotp3V8yHZcz5Yz,129215.88,1292158.8
6tfyZHNv5qJyjrcjhzFTtHop8WZh7w4r4aGDMcWF1B26,7Y84Hj9yHJPWmukY449FT2xPoRoNy2XM3uqe9LP9kuAc,129142.38,1291423.8
2VFwwoK8u5NWHKetoknsw7Qd9CRnRbaKZwma8gVWjQBd,DXofvofJJgm4bg5h61GQVdsyJNf5YnRYtreZR2JGrM4r,128094.83,1280948.3
yuR8rgxZjZniS7qPxKH3nexrdZTSTPoLXUeJdgHLUET,FCZddascZ2rPLUusCTjCFfEVJ8fMjYpx2dag5DPxSapQ,127384.11,1273841.1
3nWofQ7q8JPHiW397Hg1rdPHyfXs8qEH59Z9bRNn3Q2u,5wBcTUo9fcRpb7yMAAG4EbF473MYns7J4Rurf3BXLPi9,127159.67,1271596.7
9kkZwLMJpsr3WPKCnKXbu2xWQU9cYTGAQrZKWDiH6tu6,AAKTp6EaTTomSq98iMPMDi7RmJ6o3Ms5QRGxNdRtR3e8,123865.9,1238659
HnEwBXMymqXzCk1r8ft9Kg3c6YnWZiSJo64Fw8ES9oe,8RF8Jua4o7HwqA4QCGsnM6To58ryhxnXWCmon23mBxgh,123604.44,1236044.4
H8M7TCUFzANM7kqmivT2oDtM3s5oVve67FoLFVM6miTy,8743a2n3NjuLuzP9dckJFYZkTvDuk9MrodPZDaW49WUV,120000,1200000
3tS2gnhqWjDbkMWSVxtEsk8NnssbsDcfKdyWPQqYD5AQ,29BfPvTqpRdBz4W2M7bkMj94NHXHdaAweYqkNYFpr7xn,116791.06,1167910.6
HV78tsdwDno5N5oiBLQxkPygAiWkm3T7ajFcxmKSSdB7,CAxSVbFqznBgFHKDUJT2jsVDmPQdQDHVbvoPiYJrCjPf,116657.63,1166576.3
323paiWnshjpqBFt1Pgrm8APb7EZnNHL6uXgkUYpu3f4,DNodo2MSNL3u9Pq35v3LUqPYNceE8qRmqdjgnrj5DghG,111114.58,1111145.8
9qUgTjfwjts2jvfAVEnDGxHpUhcU6vdvS8N9nu85CysU,DB28182rGmXUGPGB7DE2p4nn9h9Unu7TpuZwsZPaSxS,110615.1,1106151
7AWhxKF3J4QVZh2ZB19z5H8U2jCU441g7e4QJbsRbCkT,HQe1abxYk3tNb2R32pZEK7CWCYWDcpN4nLt6P6smk7Zk,109508.22,1095082.2
GZyC5hYHRsVUbhgqCpsin6RYi6gbz3T1cy2Yry9ZyB5B,3VhhQJexFR19DHT3bYEPVKvgfjZ8ajzAaDQTMY1m9YY5,108063.45,1080634.5
H6EyU6MmepKsyVpCsyqPvSH4Ms7NHp7ZG3sjqWHRrGzj,47NyGPGKohXpSczZju4Qowxk4RrVVf9MVfeFbbSev3oZ,107443.7,1074437
FBCqTNQxtDSizWUzHCsQCPC2MTQoVC8H1qzNhq24PNKH,6cTbAb3EmzznzrmZCqbtkohTY9ZbtAMzKdtx54BksYGL,107246.8,1072468
8ioGphV9n8fg8Xe4FzJVcVuC9PPLqL1uCx1o27xK7F3D,6YnBSMFzQYH7vfWQukxhSbfhdVdmmxA87Tr3goQBqxhc,105982.72,1059827.2
FVT5JRigwZsD8pucC31A6nVaJQGKbVVCfB8vRbrKZqR3,6vaGLjfsFuJQh4EkzkD3VSgvcsAzpL5twuAt9NqJGY1g,104136.07,1041360.7
Em5M3Gb8cf8mgqHtejZXtFNrQebNabrNSNLN56L4m8W7,3EKM1nw3MdxYny4W1MzzLAktJwE3oPZW1BiCtE1AxTHS,102903.89,1029038.9
E3oQDrjJPtYqLNedEvqmRwTDzRwHW7cuMrbqoAGFSo56,AvjdDr4n5zXa78cPSREWpcuTAFAuMmQzx5UA6mgPAFKy,102188.73,1021887.3
6UZ3NeFwCfwbpRNvfhgWerYkJFrqsnYrHuP6Faqxezwb,4ctj4ezMknjcbmGjAiJ5ooBs4oR859DC7bvcqFvEmhZH,100496.39,1004963.9
J148NH3PMvcN8tqMhzQ9bFfGvbT9rm6g3bmt16VKB97i,AZsLWBJQjg6X5ykMh7ZG943gHq6A8vK3Zux2f2jESHet,100063.37,1000633.7
6idL736ox8kvkjy7GsdCrqFNdVuHihLaeUfaE1gd41oV,7YjzuiKwKZr814jt5wthWERh8FVoGD7d3TdiKsG7bruc,100000,1000000
G8oDkv53sbBpDHsw9ds3Ks44j8Gw5tYuA2SFozqVdckw,8F1ydBQwwr3d4EwgdrCCnzjMu72yw7NuqA1HpGzB3K57,100000,1000000
BnZNuGb69xH4Rg26NswQL9scPtBUhFRkuq7sh9sZmudj,4dxpmaGUXMQmNVsfmtH6kQVttDVQ1oiEjKYgqfuyvqs6,100000,1000000
8ECe28pphC2tSWbfJNPpRw4yeGko8SPc3WUZpGECajKN,3WLuFMznaz877dM5oR4bmQb4LxT6vMG2MrnkKDatur3k,100000,1000000
2sFQswm2EGsLXFcHZ4Ri3mGzUdYBo1Dhgw9nvT2CN6A7,7dTe58i8zCLZmZj1H5d1MG4ywf9SqwMB8sYKmn3hQvbC,99791.48,997914.8
jQchYuyavQeLvSASQkPzSMSdG3QrjW3WeoqAJAnEnaq,EPvzqjdxjLspYM1FsnNAdWUjn7b8kMfan5tXwMz6KqHV,99224.72,992247.2
5kW9AEdzBp3eR42hv2h7aEieukxBaf6Ti4hkc6ydnSRW,2WhZfVqWr8Pkq9MZqQ1zu2UStw3MW8qdgQX4TC8Mhsb1,98583.3,985833
6JAmpCHh4THEdcWVkC26PHqL289RFZW6tWVLw6aQWf8t,dH9im5SXarV8Y7WzFMx6neX9VGvem547soNprZKAm9n,98508.4,985084
6aPWFR3cZd5GgQhXk9speoQiznkEwydhrjr7fcLbh6h3,9L1cZvtpyQAjPgv5AJYMUvpGrB857faDb75NG4DnnxDY,97458.23,974582.3
8uJcWfSrX6qKV2zo2UTV41JSwk2RHEoQ4eYbNQqMpND4,HJ1o4oxV7bwZbfkwLXfhuDuCk2wFgK6SUqosH4AzTCAR,95968.61,959686.1
HzUUuQURWADbts6fsEhju2TgTPy633e12dGmN2uHoBYz,iyAZLzijXy8tioo5zqsFXjBdbxwazisAs9aMec2gqt7,93718.04,937180.4
EPesZNLHBp7BterPXpSEWRFrNcw2rFc9ufrrBWehEUtm,4fduoG2ror9CCwzY369AcRWHGbk75vRmfuzPumUjgoiv,93230.85,932308.5
ECFKuuvpMZf1KaQaqRe6FnaE6RL9hSRg7VCL5HmBwu5u,3BRn1qcugfovs8toQA54n5bUgTr61j1Xvq6gJbuPUZ27,92698.61,926986.1
33xQaSzrtTxogzzSSSRVGBLV7Wi7VNp2e2gV3Cqw9dE9,CTas7CcKCM9ENbei3sKy7eW9zgLikt8CGoi2nk7P9we6,90883.71,908837.1
7Vokjd1Xg6uu1B1Y322XyqtMns5ma29hEBBjTYLwhVy1,HyAvFvwqMey3xLoKgkZ5v2A8X9hEhpXBWQMkWyoc7sbp,89997.92,899979.2
AfQ1oaudsGjvznX4JNEw671hi57JfWo4CWqhtkdgoVHU,E2f7hX14ExYanGFb7skbEpFhsec6nGyBrC8hvs9ZVt6F,89820.99,898209.9
8JGUk6Wcc35cD9RvZGA13pQRDv2Zt5LpsXx7TfjwFbmm,9Y3NHbWYRKGM4iGDUD2fgrAVSBFvUbnghCxp2Mo9N8Rd,82472.82,824728.2
EP8PWZEpaLNBTLy4cFa6PwmicH6BwWCibueHsShQsDAw,AKSmshwrvssPwdAtHz5tXrartGCE6NQXcuM9i8v2LMuB,82304.27,823042.7
J6JXSjyfhY9u6mxzgmoFBYD4CG34vXZWxke6BXYRtbuS,HH3npreg3p6Tavgb1eXDize3L5P4vLXSP4WpCgA8YDPT,82001.37,820013.7
BcnC9n4zhgcbJbDPTih8uYGVYxBQj3uMxs6Sd5TekSAn,674v9cq27AoH1VJde18A5y5cfh7zK4rADbCH8kuWpKhJ,81300,813000
6mZnKPt3Mq4Sj8ADneAtxN2a3yGKceso7HNQK7dowHm2,AwZtNseFApQMi9x2EDhX1CdeBuPMskEFB7PHmXCoDzoV,81021.17,810211.7
ETAuxZ6ZYv6gn2Y358sdHHJAd1Yw8YQDqGm1TY9h7oyQ,HZVw2wJe22ojMYvnWDsqUwzqUNrHirFTvRdXFAoNKjC2,79194.42,791944.2
BuwVQyyVaZfQqPs6Z8UVNorwJF1ra833EocuAyhjfvR6,EvSBeD1YRBpw5jGnbpdmFTMiHPhV9VhjUo3KwHY7DBHe,78405.92,784059.2
2wQsnvhYoo9daRmqD5X3u8xkZX4sWRCaDKqjQPdq9wEn,6QyPWwRToU72NqeiLQSLHhh9iF6YymNdcVGHZUfdrd9x,78245.45,782454.5
CF9AvJyKoEjBYZiJJfZpJShow7h4cqzXHbmtVfDK6JBN,H4E1m9bUbG34V75j6exhtgGH6b49cJt2xYjMrFtGHf9E,77659.64,776596.4
jjpm2geC2KFF5Wb2qj6wK2YcaW9B5jZddgTS24nWzPw,7vZaEUB3smpVyY6KtGwNpvYZrRFbmaFxg1JUwxNoLMGr,76846.13,768461.3
EBStjYT9Ard1wTeDcFSD4spk2NcW8BSGYyModfUW2H8R,3BVwPDFnXprxvEwA56cgVZw4fPV8fVcJKoXVDE6ZaAsh,76074.69,760746.9
6WvsLLdrymfWrKFqfH1F4wUn8EinTd6Zkob99BDtLu66,3dkAozmRTkivR3d3rAbVDUrcUYdbDN1u9H6kPwrJtKr2,75954.09,759540.9
FURkoWgXnotMzSay7JM5XbuQ3jR55uBQPTCcqZNHPnsc,GDfgFqRpyeoLDEQMBopQbKLy5FHz2moBrp7z175G4PQU,73046.66,730466.6
5eqcZZ5nYpcbPCtFZTiexs9x139pftpKMMc6jqKTAvGJ,BwrDAWGwpbbPam5RZ4KauRqgGwRmpqa6KreGqX6ihFmn,72902.58,729025.8
D4jNarmeYZnhRhxtHctiK2rQbWwtmNati9rrekRkWkvY,G6yJpw5R3G1BFMhKvUVp3gkxr16ZhHV26PVqfURMTs8h,72675.49,726754.9
Cf1zdLEAfr61qXeXZ8qngqKE44iWfNT62uE1r7UnKp6i,DSLsxpVgphdoHxZTXKULXkJqbDroSiQeEnqevi97fGiQ,71130.49,711304.9
5Ep2X2Sp7xMKibnMfoNx6WAmRrxDgHxXEw2d6dgg6gtd,JC6HXVpnDcZUYq4WEyH3Fim8PDoxtzRtJEj4qZBjqN7k,69175.84,691758.4
Cby2dutHLgHSuyfm9kAWo5EiuLPZZyzE4cJDKnXKo7C6,4DxGW5ZN4GCUkyNbEBJuRqKfq7ajqHzjLLdVo1CUHdsf,67657.19,676571.9
Byv2LkBRmqur3GTWd3z2DezVzeprQ1PN13u6cH9aRnaL,9XKKadYJB9e946xG1R7xsevwLoWA2AJhyGoiMEcd7EFF,66185.84,661858.4
Htr6ZAiHcAL47pg7Em17ncMxkZ1gKLofUMfSEr15y3An,5B9JFAqhiUgkYzE4XFZAFr4bSqrTEDM4sX84CkGpNLgV,65244.19,652441.9
7RkHqvgSekLwEPxprm9MC8dmtonZV2wmsrirpFwFXcGH,3gx3iUKHcbG8iQ2D2fLhGeXNmJdFhhpHeXCNbeohGwdV,63208.27,632082.7
FMP4B87tCf7rjUcSQQkE7YPqmBPaDtWXkZc12bNorQk5,3yXjpMrF8iKpvEADRXXQX5Ua1ZgaScf8NevBvwAa5N5j,62382.86,623828.6
GCmrZb34owE7yCbUtqVzBhXCNT2m8zEwUhanX185Lczn,D9Tw1ZxMsqKcaUtHJTSFGzL85DqX5CVhnGGrZPU3BzN,62218.28,622182.8
BUewrXwSQ8uRS1nY6rZprcY85A7tYjTAvD8KUszkNHcY,HJWADKdewMm7S3AUUKZErtbaRncNo1BgvnP23YfEa8Q2,62207.66,622076.6
GcBigMbXK99dmLdt7njQwn2b4Myx8QfdUeRLraisax7C,5vP6vTFRMF6mSaQt1C5DenLbtjrqLCLVkW8sD16PFSpA,62079.5,620795
524WtoBCQtaKXbZzaQ5D4CoyEibU3u3Mz767qxEmGbqo,Gv7wbuJcLzDBTVdCK8HxzYWgB8BJnpJRHdPDQoVjMVwk,61895.47,618954.7
GdEYiZXHgLu8X58UA6zQyvqEcGFCpDURNMWMecDhNAru,Bp2uiTqXfiqGTv7dQCqJPMHPES4Fm1cN2pxLe16oPsV6,61727.85,617278.5
8bP9o9fLSbJU5U981Zv1vt1YsdSyYJeVecs6xQqRzsaB,3tq4BSvratBrpzjvk4kppgBkQxJxAGAacbZmrY28u736,60192.61,601926.1
8kJtkimbKkEjBGSLHEAs4LqFqtPtpjjj9RQyZswntsFF,7Mpu1fpa4T2XFQiyuNH1uvMNFZ9oaSGsoAR2xqTn6zE1,59856.82,598568.2
3A8ZFMfZs4ny5B7QAeXUGapW8kShgvVy9Tis5LU9fR6k,DvhQ3BqhJuocwNyHq8g7fgF4aFD5EinRQ2kPrCTCwZY8,59844.96,598449.6
2quefHBkiEsf5dmfQitDPc9yb5iJGSpBLXx3EwSSQ3Lb,FkK4YCUuCh7eG5f9TpZNSfad8eqGk4Vh9ZXUKrNb29fc,58613.02,586130.2
F9J71ZHAK1iJprihgBSpHYnXYSd3VLS9EJwfid6iu1xg,AHUxpupQd8usV3oeQD28ihS3s6fzYj7qGK31HFVBorus,58108.48,581084.8
Bb7Uus8sBfYfhoXxvY2iZ6FR7LqYf3tFKrV8xfFqCha3,GizV8bYDp1wL1giyoxXeaen6AdwAd9kfBTfUWAd6qJbt,58038.7,580387
C4BhRjbZYd7H2Np3wpSe3D6zgf6YMuMtxgpoUNs8XmWk,4TrWfwwVxuYpr3b38WoYL2cbtnj6E6DPC295Hqn7nHgv,57827.5,578275
4pDXYEjHndHqPsaeKRLhVDuDTJs9N92fGffrNbwMcdQ1,CcznYKssR7CgZwetAq9iw1x1mu6wbfwii8avHM5MAEet,56558.47,565584.7
8v14ALPbVpHJran8g5kKEzC2ZoJz5PyZ9ABKf1pyGQou,65bBCfVZTKnKgbhXHAaZtbW6C5UMaaNSCepK6ZjdWgCB,54866.54,548665.4
3GgKWRLbTHtNpFiLt3LKSEHVQ5HYyiPV8W6aKUuPHQaL,3qPGfbATjewfr33LqvHF8SpMhsJ4WAqDdT9txnBdt8em,54455.71,544557.1
7qmK1wFzWf6Mwr4APjs9evBb1CirPTmgdjeU5LJsEd7D,JCVDTqLZ3EBcXkt6beRzbkTwb6as8fJsr5gmQvPKDQXz,53852.41,538524.1
BA3GChjcpvWH875TGGN2kw17SVf2FgMHB5aVWiHQqGrx,8hGdgvkk5WUqF835FYWyrZv4TsbJ7etfte7rWZLTDer8,52937.47,529374.7
DtYegWrocJYzGjmqfUEtPZaZSEBrnG39jpyukmUv5LgH,FEZsV5boCXo9VBvTYE1qLnBdjK4eerMX4LifXm9xBpmg,52617.31,526173.1
BSmwrzffmF6mwL27E7ewx4EwQjpztXkjjiZWQGMsNHkr,63kfiuNHMcSDuco1zwQKdgFWdwsuShoS2WtpVSg26yvL,52455.8,524558
2idfkPVPqpNQxqQnSbKtB9j7RLnt3YomAr2X7uX2pf68,HWdRWcfyVPrA2Nc9qG6DRBBk5J7QXGgfJ2inDkSurfqX,51915.27,519152.7
3cYAY7Jz1FmiR16Q5KjpuaM2fAapHvFiuBpzZPnWhNyy,41SC1L7s9vKKpEfz75HGSM6SF9FgZ7LwSjPybHEJRdAp,50000,500000
3VyYEMPGB8DzV88qd4vEQ5vx9ea4oLNcDNddaJ8PESVm,32Sf4BQnCz3CeoxsPS7bk6mL6FJvLmhSD4DrETw9J3eu,49757.72,497577.2
86YRBW7gD7qNPXjSvVzs3znHfWw23YQD9i6A6GYt3Hyn,4URPfAtdeCcFaTSu8iWCYh12pJv1TYMo5XWkWqLSy8Hx,49507.62,495076.2
7Y1UUN9kq5s1aJH4Daebt8AMToBscKg6ePFSudKuGiVz,DPCEuycccZqJByFuF6FGMP5XbqHfCd8kU4gYhimkmj28,49315.36,493153.6
6oERDZ3XRfoq9V4gWEGQcM8oiAtPkYwApkgHGK6uWyYS,5D8a7sBEoLVVqojvBu2MDTTUidfjvgeJsgPSLdmWqynY,48520.86,485208.6
77jEDx2kJ3xupV3ejTWPjxzgKNRTWzKxYbygfwGneBoJ,DWbMt7AGfsRNizKwe1ivKyMAj5ei2qXkNVwLWovuXF9w,48479.22,484792.2
8W6qHaxbeV6W8qZ1Kopeugehmhrh8bAbvn582wBkSUat,E3YoMf4KVrYLvkSqpiESqxpjs8JTMEc1BeB1gV6eqJPi,48272.12,482721.2
8GHwMemXLKVm6EqHwNXy95kLz3n7APvdp8uCrN9Z8AvA,C6LF65n5nb9QBwgy3xi36arHEiw33FPnqfuQxsGGHUrg,48094.21,480942.1
CaDyqGsjApouR6DeaAUZmtf9H2pHC5P5rQSBkBbKoNCx,2uApZSWmq1vdFpHCcfV3SPow7w8CnVZuRLizrctNDPTD,89709.65,897096.5
8xMccNbHQWi568txGT2dSpmHuxWEqtkEi8QEyHMvnTEF,Ee2L2Yh7Za4JUx4HBJrqu6SyifJs873cBPGyZq21DnH8,47622.85,476228.5
4ye1XTJ6mZjd9ZAtuMzGKeYFBqDYJiP8AKBBLTnnAofB,FhrRU7hfEQ4cKnKR6KTx5Dq8McbRcfNxFcQjDdk6a8dH,45980.8,459808
C1pPDWcYt8ZLZjufRZYmVEMiAxVxL3u2MKh8DtXMvs4w,4jP2gejhk36QhAoAgJoZrsbXW3xdn3jN7hFh7HmxNjCS,45164.63,451646.3
57aRPdsSfbD9oR8PnxdykirLaFC7XgVDNzU8SDS36UGm,HthYdhnLetA9LutDWTTJUnV56m2CgSxMVheJTJkVPctW,44716.72,447167.2
DjNjRmjMBso49J7sfJKH1rSS8pEvBMJk6ABFX7tNABWH,2mLbfJv4mYDc5hzqzmRYq23vJdr5AyBhWiPFyV2gespJ,43589.89,435898.9
AvtYDMnzMnoLYZDA21MnRhpLwF4wZg8xZopoDehNAxF4,HiDsxwYxFugRke91q1EkS7jDy3a2CsWfG25KobuiEfXn,42610.81,426108.1
CXQSozB8KT3Bu732CVUNh26Aov1Fi9ptZ8NaStUbwvgW,C9XetJLQgVLW9RJ7h9uE6pnJxhXQhVNzFSsf8DXn2PUN,42492.13,424921.3
FHvt5pMYG8ijRruksF1KvqcRfHLe3HKPFPPsuUuhvKZ5,FiDa45ZLvSaiTtKrFQXPR2dhqkcuNb2GAQTwWUy1gapm,42170,421700
BqpEcRvoxLqzdVmay2Gg5buzPxhEUK3HfuSfAV7dw5se,88eWNkhNegSpWEobJMCGSdVZ2nB4j4hnxfRKvw34Pmt9,41656.98,416569.8
BqTb2qWndwnstXrRNKkR4RmFjK2V2es7vFzc3YLppTCR,5Fq4pXVBnndUEbi9HkbpkoJt5mLYh8K2XJmDkCZJNkb6,41580.28,415802.8
DFfHPDUJwp2e6CkTQH7CsLLmCo9ujw6SW9JArRuEzMWQ,GHi1GRZhYZrc2YFvmKQcAHf181SuRLn4qLE3W6TtHuf9,41342.35,413423.5
iQsdgfCKhRFtwpDTtoovPMiCpL94txyKhaTj81PgmX9,Ck8YEsKx7X3w55xpbH1yE87wF2BzLMHxbJrqTxyxXP7u,41004.38,410043.8
7PBQ1P5u2LFxpzj4ivTtvWhTkuH9EHyj8ifasRzbiEZY,3KNMo9wVyC4eHoNtJMKefLJZhcTeKmPcqon49SxaQDQu,40755.07,407550.7
ANjGSrEyrU9WpZo87uZMzgSRFQitznpjF2rYoDcv5Aev,Cz5TukjSHrxu29kUW2j7qgocoJeQM1w8HvkoxzQmFMPL,40499.93,404999.3
6ivw93NF85C9pTvk8QRBPhiJbW3mziNF5St4BgrKUDwa,Dh6L6EcJXiiXpXwHwvUeT1uFpXdz5ApCAD8GYWa2RPkg,40438.7,404387
3wcovS86dfBtWZu1hXFo173QNbDJZibALHbcduxRfXU6,6u1g5wFSBXnSTxGphLDLDMyfgbzVbydokJ9xipFRpyr4,40394.58,403945.8
Aq6giq8wjGCG5RuM2crmWe1oerAPdTcVTFQ4MHQaEDKu,GthRmwQRSBxFbqXrZqYqyT2YWjVeevJkZqAk3g8aJ5gj,40000,400000
7UBvvMoV4EF8Rp29vExPYG5QDFeVRxa4STerjwF49mUq,7UBEatqfFM1spJXZwQqsvUgLJLivnMGc9CEtqY1DBHhg,39777.27,397772.7
4JFq41xgQiZWqiBQWdHHJxw5oD5Qr2mfZgdWa59a3rqa,BTSbyvzm68UXWrZvdvzLrmYqd2DTGGY4hUaPkT8RSngv,38885.83,388858.3
EdugbJsbTos2tPenyt1H5Dv9Toct1kAxUnwpX7ybBG3t,HYc6ckAmUixDu7Jus1AaAYHUDJ2rrWCtCTuBDiQbCmAv,38850.45,388504.5
81i3V33ET9tr1m7BZKb6aB4WR59DrZJC49JGx2b61cH1,AhMRrfYCq4HNCJ1QpVaXRUz7sn1WDRzuoeUmeFMjSTWn,38765.59,387655.9
CiRDGXbbJc2q73pvVG1vmDzVRGsWPZnQxxQ6uczpL3dn,AvrnbSgXfXvcwAeee53nTKe6cUAQSfqkGz6Z1hKkyjJj,38076.54,380765.4
reALTNCbJUgbrw6bg2kBbUsuW1cMEw2yMrxh1mwy1Gc,Dq5A7VPes9bberDr7bTpjnSFZ8MCKq88cvgYv6kH8Fxr,37928.13,379281.3
3oeJk6V82LEgweBkE8Q7Xigdxj17n5i6SQAFChwqRZvc,JAyndZ2VL1biCpQPVWTq4SBw6Xfh3asp8nYqC1PMF4ja,37683.73,376837.3
A9WJoGyKahsXiodaiaEW7QbzJ2BXyqPN2jgxeTzR35fU,Hf7mYnPqEGxsae44vzdY9BFuozNK1Pihzkw4XrXZUgCP,37665.85,376658.5
EDhkRx28JTQn8EoH3MmkFi6hGUNg5Xew7akc9XNcv8rx,BPrjmYFnntWoVYTNpaYPBGp8kjuFswhd1X1k9usQYbUy,37394.05,373940.5
7dVdgLLETxBMD4dgffLXVkr89fxrPtFCisTQFWRPDPye,4v6z9rHHQfPqBNTgjyMpbiYYixxPUTnfDX8Uayic79Z2,36303.28,363032.8
H9UqnqJp9KbyH1YmqqzbuR9KuZpbyh6fPBvmhA9dJSL5,F7VrDbf2UsbwYRnWfK8r2uZ4uGW2hi9hw9qPssKqSuNT,34821.07,348210.7
FgDdWgbJkywCR6QSD6X9zykt53YWat2Phc49P85zvqT1,4p5gLeL6fZ58Wn3pWADumG5TDgH6V69DQfZXYnuYKHHJ,34344.18,343441.8
6SRvszP6xv9wbbMor64dkPfsX3jVxKBSixQdZDp5qv27,BWSgDRcj76jj8tq6KW8sPFSpAH8jtoTte5524mTet7ky,33997.1,339971
6mYxbQiZ1dymGVT79qoGqQmQ8CND1py8aAYWXYqD2Zdp,HyRPT2y4tdFZYMoUbHDmQTmBjeV2MVf7uUM9sSQHgBzN,33691.51,336915.1
HjeMSatr2WSSXX7756hSxWzKPUf5Vz4PBBcuMqyjUDxL,Bm8qXj6goNEmygJMzKtUtVJUPgtpuP8DLoXMVfQsqYAk,33595.61,335956.1
DCk3rNkS2uBkfZQWRwcuew85TcojjWGNoq8PHABpS9Dm,8ykhrX7sQp1oT4EjyV76U4bGazE23sRHyx7EvGryWnH5,33391.73,333917.3
r8wqfbv8PwYKhE4X4aV6VHFZsbaHkP81DhH7KhRP3rF,J1UaFtVKb43y6D8JFL9JmaYzSTxCA89nmbL3dT6qPr8d,33331.48,333314.8
8psNvWTrdNTiVRNzAgsou9kETXNJm2SXZyaKuJraVRtf,TcdZFj2eXGgJ7YNLaRrfM3cgzqYS4dhpMow6LGxECLD,33020.79,330207.9
44RW8uTVUK9UPwiCcrcDFatCABc2LgfEnitYVRZfu13g,BSweXQi3Rmj8XDaQirnXFdcSwXqxZJ3ZTjHFmobhMw9k,32747.8,327478
5tVNyZtSFPmFzYpdRrV6tpNVuFsT3B11o7yYH8FYBASu,5BQw2P29fQLMhpEVBJEM3fd9oVWdubq9SrGDszEZQ9vx,32738.21,327382.1
GWnY2cjZpKQqUe5PPawqBwRJ12oycR1YWVfTD1jFnCQx,BLjoq7NsefLafoSp2NqH9YZChofne6vsvw7rdDyk2xFB,32705.36,327053.6
3qHtoFxpLjBryqD5zUp97EU9VbH5KS598TCzVp2BKA8z,GaB7hzt2y8y7RTr25nbfoLZo5zrR2i27cneumDRLLKAH,32322.59,323225.9
B5sWcjBiAsgZLGc192oSekirgfaV4yDbJibfSSY2QErW,48QK8ueAcZpVAxxiHNqgPmyvekW2eEuPZrmQ3YXx3qUw,31889.48,318894.8
AKCGTahrjNR6XJLSTPASkJC7xCXz9WE9uNpbvsYTT6aP,2nJ7885XQGFaHFZHacawQXTeQLj6AfKXk7RZz2rrxVjB,31876.13,318761.3
3XcRyC3gmkoeksqFAKwXjUv9ayrFAJnH1rNU3k6AFLU5,83e4xk57CUuqqWEkhvavrig46Eo7droFaC3NpRWc1QVZ,31294.94,312949.4
9UvRUCqEA92HrwrboyP7U7inyueKo6CwfgKgqEY1dUek,9e2yx7YmbszKRyY2AC87PFUf4b69ehCetJPDqdtHBBKM,31235.55,312355.5
sXUQFTn3f22Y1rpn6gwiEMuQdhUjVjo86EHm7XFJgCQ,CoiixcZjEnhTX56ZvFhE7WW5CjJWsNKud6Zv1UJ6w65J,31230.61,312306.1
6tbrmRnyxAZcZFVT1gfcaRDBq3hNVYbQMwk5aWLi1Bis,FoXUp2zedFANBSxCJbL1iN9AHk4HgD8GV3TByHczqw1d,31127.11,311271.1
Bb4XxiYQyhv1mgJwmnmZVZ6t3XxdnBLM3XEja8YD1ViR,AA79wrudsuLfS81J6Dn7oUq4xvcADjTEb2dMHj4M8jPC,30809.06,308090.6
EvaSfPHhDWCsifhroubLkZf9bK9sxr9sEiZPr36QqiRd,GBQzgr8aifrwMmgyxdj2Wq9LrdwpStHLxfFbrZoT8sqf,30802.59,308025.9
GGLVgrVcM2G2bJcUnxMgvNqo3DLduW3bBE8qq9a91RLH,GY6PxPgW5dBkbUJKJZhV65aa99ccKxj9fqVPTWrAtLr7,30694.46,306944.6
8whw4o3FwR5mDuowgZnA11otVHCpLk4AhPvf2WZMPszn,9pvTWBwvENdWumGqrZqjyVYz972vgWiJYAgtdUQJ3Dni,30674.48,306744.8
EWPeyeDoQrGt3BqQCpEwh1VFmsvacfeyTHkhENXQVzP7,Dh19GdfsHsSbq9sa53KcmvDeGfU21DqPK7yPH11g6Rg3,30588.41,305884.1
5b7uKKt3rvtZUw4tcwVcR68JTLj9Tnw77iExhoQXJcBa,2UJkwGCPyZi2tw3Ya3sA48CjwC2z9HBbG1xfqdvmkCdf,5000000,50000000
FX457Zmx5s9yUvSYWbbdMTHbk9vYUvyz8QWxmsAQauZZ,B5ETzKqFJggJy5UUMqCbbPcahjHYGUNkG5fbHKJ7GAmE,30109.3,301093
F6vAfDGX6NU2TQch4VZB8iwHh8V3vLGrHAfmGyuHBjgt,HBncXZybE9o8XALyiWSVvuRGVc9874svnJH5SgXizuVM,30000,300000
56e9aFpd1c4uqXPFYvDyXHCVpbGGtxzeJKKJYBjGaxXe,DazxAUoRYBaeQu1joWdWimQCpXugYMUE5eCiJuGad78d,29987.15,299871.5
8bk3eDxKZsktF8SGWrKXNchoW2M8AYZwVLDjbtVxiytw,CVEAe9gff8DUuMUh8veZ3sjuCXfPodJJu1EUgLB6bk6A,29852.83,298528.3
8ezL93QZoFDnzPPQmhsJ4izE8cWn4AtxMCGpDZZ2FLEQ,533bLd9xfJk4uFVdM2tmiyWNvSemYu2ropcQTZHgWnks,29680.31,296803.1
5f6QuTU6AupuorYev7gjgetifgdG6n933M44cENPwVma,EWzZ9aTWA64VeiJCQgmwEGDVNVugnpmonDJyyqTjuXEN,29035.9,290359
7LpFnGTKzYys1b2jsU6WWG64h9eWQbfLCC4PPy2eTE9u,Bq6AfBjkfhMZCgU4ucoL8nFgM5iBnfKPemaUSzpdYW2T,29013.1,290131
9ffqc5y7VkMTXx5EdLn2zqZf4rfNmZS3zHxdXt8u9YnY,xmBtX5MaoPLoWt8STcXgH8o695K6CvHQ6ZUif3XQxgk,28800.54,288005.4
E7ZQ7ZhTrkGeY9CFuEkKD7fTxhFigNjxh5DUZYbKoJbm,GFAhRHTBA8iXtVcZW92CDozTEwXansZafP4yUhUnbBKK,28741.31,287413.1
A26Wjtnbk2zM1wQsJjnS97jmnPAWeWC4oXtUjDNLRbcn,2c2gXJBgE6vUZPxTBPDyUMsGZNM4G1d9Y1wThLPBrHtJ,28740.5,287405
5fcGjZrJXDaJhAr2fRbA5hYe1k3ZjmpT5F4WnQg9rDad,5dUJHfhJUZZnycAnwsYVTrCsuyoPL9ENAVKAVboeT9KP,28673.42,286734.2
CDk6yh3moPxzW5VMKnMDrQfMJaFpiHmQFpVwxgwcdTxo,C2ySkDwSchrtigrp4xob48qANEEGzXJHEDx2g64nKZ4T,28339.15,283391.5
62pvU2UXt5fs76kvJtvbsQRr8pzLvMbembtY2fX53v9u,3uNFWqMxkAMfAdAYWrHi72i9cg3oYxW6rhdyCxbDDRFx,28212.95,282129.5
Box5Z3ovg2Lxk2eb33HCLNDR3navtxXqGC5ozMT35TLk,CfTFAnL9HbeoPJoJPaL4FnErq9vngTijU73UBcyZZymT,27918.42,279184.2
8PonTXNDn3n2e1vijPBVXdm3e5GvoDg7Qr4mdeDCQxxp,HqjYQR121V79Bpo2CpEUCrWNKSgLJzKAUsiNw4owPU5y,27131.15,271311.5
52yJwiPq1qhBXyvzpk9oSscm1EzMHJHSKhCEfbxs8AYt,CskcAU4bMLN2LJ1CJMy2MA5si3YqAYFhgFCKj79To41i,27093.24,270932.4
3BpxbyvHFGwDWRkBxJ9HDrJXVhRkHAH2uTJ6GAoeKQhn,7GmZ8tk5FMnkVBkTJj9LdHUQUeE2syHBtoajEZv6AdtT,26732.42,267324.2
7CRaQNtmwiPHUEuLuV4TUmj2SDXfiByYSFfgx2GWnMam,cAgnNM49x9xp7Cur7Ttn1p5JBWBd1KmvBVgb24XRHSA,26664.39,266643.9
AAekajGtTsVW8UBu3YsXTcvkPNaNt21m5BdoDizgDWQT,5JnCMVbzo9iMuV43c43SSJjTLzRMKG6KYYQA9Qi69auS,25942.85,259428.5
EXk1Df9Za4hJErVtk5hTGUaMPbLs3S6FZLPesq9ALJxY,4MssnNJ5XzF4n6twa4kQDKhJoc1ihUGMnELTcBxMK8WF,25317.73,253177.3
FcrNwMNNC8Uy2EYUTwqHMNMv5kV8xspjeVfPV5W5nX5L,3jrdJYth5FiwdYCupF5jWaxg1wwYV4w4JzNCvAsLGJre,24977.6,249776
yuTN5iQtfJBJJCHfLLKGtThu29VaYkyK3fwjfXMhf4u,CbVt3RA2bmPwiczsvTULRMYcX6BQrCwxuoHca1a4cTim,24831.81,248318.1
FM3DoZ3VFqzeEJAHQuy5eogTVryMwBCHPVVJR2p4T1B4,3JH7cNFHUKTUQgdqFa1V1fr5fsUXvH81NbWytKgM6wvK,24778.22,247782.2
A6ueMkFGkypZiDuHuos6mZDBmawASzfdt6RzdBRuBXnL,CmNc8FpENmevYASsXpmQtrnBiE3DYiF11eiy3LrYJUGd,24712.93,247129.3
6Qx934UhJBJRXWNamKri8WqSqawWGbgwLRJ5KJNc9Y7H,FNUSPuAAvZq8dro6DDcrFhHYfxK7WaL2un8gNEQpafeM,24503.97,245039.7
3fYAvkubfEQLmv3KdhKS1f1PLbE2o5bWacTPn3LSX8Ci,H4PdoXo9C9DekB2sJXv5HzcpfhaL4NgJocbEUXwnqyZy,24445.14,244451.4
DjPMgaGRyn79G3wxkxSmPFAAh8AZsciPqDSHnUwd9N4C,41D27RobZrd7cQFErDNPxVwi3p6CBwjd6PfTiveuXJ45,24429.23,244292.3
4g9jZvu7x4WavUycAjr1UvrVCY74E3Qkw5HGwNisqfq1,4K1wDifVEE29YqwEgqnrA8jARmMWKtNSeZpDYXyRXmnK,23015.44,230154.4
HrWf66SZ75LqqMxLmEe2NfQX3Z3Y8EEaX5zc7QXvA1PE,4kWtghWNZaMYQn4TdWGUqm6vJQCPeozbsKqD657Uwq3B,22979.93,229799.3
85RSDKUhV22nSZEuzxoyXx54eBB6Qf5VX9msoCeZCn9g,HKEfJYxHuqzzr17yQD2fmPMDTsYT2ocmDrZucLCUocuJ,22483.82,224838.2
EHgBbbqfykHcEwsuL39ngZLWbMpy7UAbzMQV63npaCuk,3cKgMYPZm8zp7wKfxsWUEq1o7CJyCqUTwMEgjVfiXQbp,22456,224560
AUsN4CULoa9icSfVRwUuCKBjsM5dRgfBU5atrJREurc1,4Dpde4NxKkASFED9aFFHp1jGThDSVQFVMUWBfcJosZbY,22034.76,220347.6
AQqhTJJfR17gkWe7UuFqGD1Gh8PFJxz9FEDM6ezWs4vA,CLWy3WtuLXTHUGcK4Kszqn5sz8QjTZbReLU7LPAFARhc,21980.25,219802.5
Ddgq6gznMkc8XQx2pBKSHLfExsFViW3Ba8GEGNnkS9UC,9w7wfPAeb92UyRVNHZhEy3VZAtU2gr629NiBrAetoXbU,21699.23,216992.3
D11AQij4LizPafMcQn8kL3qZGdmMbJVkfQcducR3ZgPQ,PXQgc9WTAasaqYHr3GXeS6RMSKPiXthEk1Fy7D51dYU,21604.77,216047.7
HRFJcH3BC3dW2wycVv9NALQZ2wRFUYNktJufxkfFZ5rp,CJeBvPcmkqtxnF6oASVkhUpFA9W3Zhu1GXioh7UBgo2y,21339.79,213397.9
3nX63uFg3qCJbnFHZAdRyCxr2iZv1j5meBBLxjBDHWt5,2zkj8ppb4toX8Jzi4UHP4xuaDrt7z6gKLX6gZSXDCL9n,21091.99,210919.9
7SY7MiVyenoRpFdNPc9xxCLH2tV82gUT8RVymbrPZrdr,FXVmSb6CL5Tt6tx8tTpPg3e6CKbsQJdx8BTrEcNuuKLL,20728.81,207288.1
4Scm7atZ1DR3Guh79gHEStXeSspE5u5CQYSXzvCZAaCc,hSTVqmUema1fuwTcBwL7X5Z97vfqByNaoPF4MZzhFjv,20571.5,205715
9gZo6sFp9B5Q5phRvLNemnsvsddRSasMEgbDuVby7hQB,BcXejGcgib3cUPKv3LdbTikCzoxjdztdGYnD9XU3tjMj,20325.12,203251.2
6rdsxfMNv4f64VXtEpuj3og1B7cTxTjmBJJK9LGMDyza,DJvTJfSCnPFotXKDNR5v4F1LcNCZcaDXvwBVm3BsvWvx,20157.11,201571.1
Ef86Biftgakq4bBzbDvVp8Ltuvuwev3TX6aYrov7nM5f,FiJkfoaPxkvmgCPQnfdJWnVQpC7W5eoDeqCJRN8qKEE,20064.82,200648.2
5PNp2zT6et5CtqtKScezTBzgGKAyPxafApsii4haP3CT,bhyMi5HFJwL5fSt7PX2cMzHTZsnwsaDRWv1tFBjTEc7,20062.65,200626.5
JAPkqwwncYdSQBo43A4NjmugdiCDFsgthDGJ1jMiQA7Y,GvkHVNC5bDAkqwMtJmvfwqWT2vMXWsKHZvcVAFzauT9q,20059.98,200599.8
AR7pEiNHZv2Fzp4KNtynejPk5KZDbj3bFbwW8QFBAzbw,EJuyxtcPtr3qHMGBQZ4oQJ6KffVVBBTcMZaMYjBdH8M4,20000.53,200005.3
4yALWdTwcF4yTouUVnSVAdpHiEYd7DwHbSjqpTd1KE2s,C6LD4uyQpy1rfYgGkDsLAusAH8bEiNksY99cXFVD1jiK,20000,200000
D7WEFQLt8nznvofgyY5wDUrmD6Y1Vn3jQZpuPjk2TVht,YWiGMunzuetykbwg3LFYB6U2in7LPwCDckFfR2f9kkX,20000,200000
9TPMHXRdrobgHJa3X4vw2ZunYYjCBr5DbuvDa1wNnE4b,EoKABB8UL1tZqz8E2mYunsqwsQBXrmTkXXJq6nQbAo15,20000,200000
CNSQZ7AXxBWSs6UodtEn8zXFv4YKPkvF8FbipRDMVLHP,FxAJ3KoZDv3fLc6HpVohZw1RdzwhFe7q3DUYUNgburHb,20000,200000
BBADxnKxjD7SBpvdGtsSVJB5RSVVhDoqXgXegnKsQbuw,4nsYfGvXBeERLHj2ydGJRHfiAC49u6gxmXYTVWATfeGD,19116.67,191166.7
3Dxd5kDdxVn3DPnvRgTutTqLLRLu5HqcBASkHZMre6kx,Cat6PsEk47NZEcPtqPovACNnhLzjxMbTojTFyy5gWrAA,18991.26,189912.6
BQ5J9RFWWL5w6GxMRixFCyJEtoQu3B22rQTpEoYPRpHj,Er5nm88d1AAMCoaCoxgjVPQYfUuGBZ6R4yhhJt2wvcok,18337.32,183373.2
DN5NCA9xHdhpcRUjvAeaP37FDzkg5xQyMjzCaEResn1r,7MD6DeBchUXPjq4PD6jqUGpPGALipTKMqiJZ7yyrFxzx,17899.4,178994
B5TQnfaut3tiPVZyQKdcNmQC6iUZfARFtbz8EmYZjSAr,8EDugJtpdyiXHrQcqV32rphzpP7iTDDvfLinPSsm3Qd5,17867.17,178671.7
9W9Cwrzc8RLRo6a1ZTnip8fjgRjD1zJEPjWTCoEY8Nrq,7QYdEp7xeYeBoqt9udhAwVH7UzacvUbqnV5Njo7stNX4,17738.76,177387.6
6nH755989r3wxfdeTR9F6Aaj8a38yVbZDktHMkTjRhSv,FsEfrak42er4M4MmYfiPAvKquaJzvtWjm7EmATMUdvkX,17608.16,176081.6
F1ze3Ta54Jj7TdXenY7ivX6kAsdPDKrgTKQnnCe6HvMv,GnDiZnEpThdQcFAtgJPs2uprB9YRaVGtfmSe264uZVsT,17265.75,172657.5
AoLh7gkJTzNDn1ZtQQH229xM65BWi3uccbzArchLK63t,B4PmGp1VxprUR8pESjLbUjD8ywBgJMFqRS3LiwqASxjG,17210.94,172109.4
HUoc27c8bVMEMuEjC5k8C7z7QNtjPxesmJ1bwXnu1FYD,21g5UuoAZSLoAB4BsbkwXuwcWcJkzK3qJbezLWa6QZZX,17189.42,171894.2
8o9ht7Q7s5eocGNaCZegk45w3yLAS85pKTkQo9fraD6i,3AkAFg1z74GmroYmkLaMJWqCUEMrJGsiJ5hgrHzWNLQ5,17174.13,171741.3
2Gpqhe8UY6Ba9qM6uSfM2aCAz16ozqn69m288sFebrP7,8wHaefAbABVhqivaqshT9bg2MVopGiw7vkAPvhdn6Kms,17105.38,171053.8
BiP6tEDRBpZzHQ1b8Lbp4dLFWuhEQuLRNMwN5tKratDW,5uKW3skUHPXw1DQdDHfToARTKRnAUfvvJGUg1ijw56LP,16698.94,166989.4
G7eTwVnhR3ZQsvstRVgx91LQrqbjGfA6XybbZpAPENyr,FnLR7G1HC36AZViFNkoXvptdA1LUEVEC5AwHHJrVMQrC,16075.59,160755.9
5z4JW4iMYLjDwU356VWpK4gYxnS9LRr6VDa5kgsD4okU,F9XiABrTKTqhDTdqGupnpKTYDofQeSmo4o3KJd5Y5GWB,16054.74,160547.4
Ecpkbzac8g4qM2NDqSk4FFMuv4F6p6VdBhNRkh5hekYi,B4WEFsmW1LjZ1qDzLGH7t4cNNnHBSh3p7vrjcUidTUgF,15921.65,159216.5
FfJfkBPrjCZA8NX2m59Cg1R5FC3m3DfPK9SfhEzeYPnz,Ako2119n2int49MChUrvyHsU9GRJyrjLPg6aNbXPg1UK,15795.6,157956
HRrrAbMVryeNsAsBYfptNgXgTsWREXcB1nyM71sPcwSu,6VA14prMiTBPQCz6FfEbvuJNUqriRjucLGm11LmppJ8a,15767.4,157674
8iU7vY8RWZTiTCr9HCxKS72yfjC2ooXhjk7hJS9r5RRp,4KNMSu9AEXgHKt6U2hbrqqUzj8kqm9zwotQ31o8Gp8w7,15679.41,156794.1
8Leu5wWz1YjGrcKTvxng1382YTJzpYqm85gM8y82csJy,9AbJHoaGGDSfb1p5TGrr37yW3V3mmQU65m1rvtwrcCxa,15659.71,156597.1
35uXBMLxPm7s7xpCCLdzPWKk367XU5FpTjQAEcTqD3AU,Es36oT6WJ2PkwSXxuVPc9511CtnVVnkAfJcoEN5Yt1gg,15458.19,154581.9
Fe6GmRLXvPh6dKK7erYQY79RcnDguux7T7rXP5iREMJH,8gppjiT1jQ3Q2iDzMaGRJ93RzCN79aT6Gng3g48RcqnB,15413.17,154131.7
H9yqrAxW2Kz78ftkP74m5gUoArc8DyEDggEjer8F35gK,CLRLrzvXTMuRr5Ds5hqVvTokHELBDbH8Jwd7nMZ1pRJU,15277.08,152770.8
4mZ4mVKbiGFEpbNAWuUHdEdq3ykYL14QDPcs2EA3pC8p,CZKiwCixxzLj4EzwHTRsadgSFDMhZwX7XRLLRSq7jodq,15151.74,151517.4
F1V4HYc8se2M2BxT5FgSLCK3pri42BhYA2vAJxr4hhcv,AgNhMKFSPPuN8NVXtPZbvogKP5J4su1aHtskMQ7gHZnR,15046.87,150468.7
79VSCwaSGGpDgmdfesHdTLXTxn7JWWXhHdxg3UkNzKrL,F5kJRoekCK6i6oRaCiNURZfsuPNyZztRcVibnwXRDM7b,15038.71,150387.1
9dWdL2S1bquZgWFbWZaU22G4QJCDbRwyCsLJq2MdVb2Z,23vpDgPrx2i4QpvaeqLNe5Vknr1WqQpnvdgYAA1CqKj4,14950.72,149507.2
6ycRPhK7azjGKd5jr9od1NoSEdktpBcRGv1nBnTrCLYb,TzQhRP6YPkEPMvVGpakUHjNPQefiebuU4xXPs7LuW5D,14856.94,148569.4
3hcu82MJnpLBhzp1VGXPJhKdfPLeiRQGmqCiqWAMsRX6,3LqJ2BT7BeC3tHGBXBXxBGFS7EHQrMNHUzpyk1kR6Amf,14792.27,147922.7
FTArjqos7EHq61AYte4vpkidGvPj2GQVAXJhTiP7XESe,5hU5TZQDLXDSjPbV7M1gBQdu8Hf9ugmWLvq3oktcn96B,14763.64,147636.4
Fgn2acJ1J7rzXiDZT6nFRjhMG1bTRaptQgtBpSUvYHhy,6N6tLCQoMHFz64LVRUBVpFpEuNzM8WrgJod1hUjNmff5,14736.08,147360.8
C247X87Z8xRhGqN3bhjtWhCnvNzcGQAfDTFtAP7QmoGv,DQfmtn4Dj9iWAe9JhSHv8aUwn8kisvUv6J8yw714RW56,14637.45,146374.5
7hZUJHFAumRGX1zhA4BqTr4NAyGR5U3XChU6Su6F18LX,5sZebquedQXaXfwYZPkvNZN36UaDpyNrA9veu9Q1rPhM,14360.13,143601.3
45gYGuPN3zW3Wa8ebJKsigGe7364Q6WMU7MaB4TWe1mh,3X6XQxmWko1J6m5RiZmiHes4TdhpWdd6oWpJqiJBdH54,14183.74,141837.4
45pc5a8rhKWQAuhJSUBaRtVqySPXAEixGKVBZAU9CS3X,5rvNqLRnKroCS2DwMQ4z6qBvfTBhsstgidUW8EARw7k4,14180.6,141806
6HfvJRG9sHeeCqD6RP3ngYku38vpVyyx7yFi9Bvr6EVo,BYcjDLdQt9nXXnScgN4J9sVCrhMWvCyvLFKeK5GZjwia,14172.71,141727.1
2p11a3ch65CwECP9sfBcNE6pgzzmZ8WaEABay2xLPpGv,2LivStxFAKkmXWetKyHRYC61dZ8XsUPMv4Qxz8wLvwKD,14143.86,141438.6
EMiWfovjJnCwmsXWLn8dZTttGsBVc7uYBERpmh5FEBhp,DUoebECJawtpsqWiTp5tGe1K4MY5aXyhNnLVwA1sXVUM,13784.32,137843.2
2DnSGEHaspGwpTt6zw5zxuYooKmHX2ZK9kU45vBdnZgJ,5NfKWgf7vvXnXRs5wYxrfdQD4eC17787kdL8eQVFdB7K,13634.13,136341.3
H84V7AMA3KoTobKiuwf9YWbJBcBHKzpd2TiycG8WsMj7,6SAwwDus2deHGHQycfR2R82TBoLtEBZ5HPY7G1xnwdVz,13598.29,135982.9
EAAwJ1F3DN6GTkFspqPmCuE5XdJKEjnJFae3UkPzFTgN,2XCNQN889yrc8v9aT4wRL8BhadfXUoVEGWARJ3RtxYV7,13542.53,135425.3
ECWjfLsCosMW5ZD3avPZBE8XWAkEnX31NaHGKXwpMRFH,GTmiVbBxJ9xjTW7Uk2LPt2nwq8j1H2GbNSgTxkAqLAta,13378.66,133786.6
2SDr9FSQ7jycTcUDhCnYEbG1uoJWbQjJHr7o7snNoJzV,EeDcxcVvdguidYE43sKceJkndSXJeo6KZ68SwThABSJP,13284.13,132841.3
BV6v9XRHBptJvJTKo1KJ2umntRfzmwuCebA8es6uakFV,DSdQxjH95z7hfHWvrUNZrDT8FZJdHH6rRwGMAvHtmZPr,13257.17,132571.7
FEomjA5P8i9FBq1R9FWsestJzguAgPeQav9jroHzroX4,6QYU7c9ZEPYhe3N1Sy2mzF5kuKimtD3Ym3jMPiW7yrMn,13239.64,132396.4
H5j5PLJgrjQb4cYEACSAGJVtykUm5dPTja86PCubXrA7,Dtn1MkHDgsxArK8CBWBdhxV4qsfRcyoGWMQbBW28NzmB,13201.6,132016
JAUUwx1CiGC5LFGLVdTLtn6ABmoJKFGqiw17147Tj8a2,rMFvoUbNQuJG8bhjuupoWeyfCWkAXzqBo9gZGAMw8en,13134.64,131346.4
CTnCjTW8dC5At4ddZJy36Az5ifkKS2xBTWMShy6bdYZr,DBAbCDMsF13tLE9L3E8KvCm5b1CfLXUBSfiWtxF8PPEA,13128.75,131287.5
58Gbvhu87Do6nhTCpbqMAPtmozCAJ7e2xpPT1QL2rQYp,AZ7e7dM3oKXbnrJrEeaGyJPhh4YMgK73kRZGfivpvZen,13110.78,131107.8
pKXMuRH4eTFn5punFfjMUjzpTvXKbQzwjX4VCfUbJeZ,CVQmyYHYVEhashD7bqLhPV7n9Pqsqh8RXQdJQeKACaKf,12864.24,128642.4
2ByozyX54dixDdhhcfQfFRW8XLz7tbk4YFitBTecWeCb,AZM12NsAS9w1V6VgTY2q66KPryz4hAu2mmLbQhx47knr,12766.71,127667.1
BSk522bJ1oFBW5hTunjRuEjcTj4pS4uCB8bDBvDCdLHa,6ff3RjgFmW5VVawhgmWyzTJay2ee5eKMHK7PyjB7byih,12694.89,126948.9
5ZKTZHQ3Rqm2gacUYEhkcHkps6SuM9EPi6W93PUvSty8,31ASa87fm8rPK7rr6DcbdQxXjuLAy4TSP4AwrzypYsWY,12638.44,126384.4
5v6RBaeUrC2trPT7YetHwKCVycXon99S38iLwfoLHmf,HEXK9HiGdTUhZxZHKvLmmWFY3VuZbdXCk3R3pf16J1RZ,12619.38,126193.8
3qVfALLsSANME7UkahVVzxAt2PcDsBFyRbZbL5mjVJsJ,FS8s2oYEV1wdyoB8hd3wb8aq42XUEfEpZCqZv3hyFf7v,12616.44,126164.4
6t9LinAdC4FU88U38SEid5fxTCSRJ22bxNDMtRrB79V,BRZHR6ev98QeQY6MfyjJ9CQMWpZX2jQEUGybmkuRa4j8,12616,126160
mnvbAHFaQjEY3qXJmaV6wQjxBnJrm4Y8sBNsnTF9uaZ,5U4CXYCaUGVHVh9dsC2jdBcx9uSd4ZW39Q5Tq3Aj8d39,12603.02,126030.2
3apZEd6y6UPW3BPUgBMy5E5nUWuaxRhKw6mW5VSJw9FC,7NtLByoMeNd9QX7WTuyqrBuqhb8gN6DLBfkTtHqaQZ4o,12547.84,125478.4
4ZkSe9Eo5t4RhNbkeqSo7es7zGweJq12eoERKSawzpFa,Ek6WYDawNtsekMGUGxXNCpVnWcPddaRMSqc1V3wra5sz,12438.71,124387.1
3gUJmwhv19oFxSTPanKAsAFkegKr5YzSQ9AkvPuyL4uZ,6m6yYPAZWVsWt61AihBL9kMRDNbne1hoAucB9V1ncd3h,12394.87,123948.7
DMZZsT916yMcMMc7Letg9DEHrhEzTrBjWkocoYEVsbJg,CM4GtP664A8Y3Y4gdQJmxGdAhyA5bw4XrpZMMTdejmrA,12320.91,123209.1
2C6C4JFnUhv5eggLivm7s4XAFvPx9PD3UjwjK9QLBTyM,DwZnSWuUDj4eBTaqBeWQDZR4uGkrQRUXVmgrZJUXfhbf,12188.47,121884.7
DipVqjebsEbiK55KKZEkEMEzmpdJroxJMMyN2uQewCr9,2QCmsJ75CEZiPRarCKkrxXdjGHUuM1Xm2ubiifqZefjV,12039.58,120395.8
Fd8fdeNsPpo35c6iiZNHsyV5ak1vb6ZqYGbVdF8noUhR,BPAnmWCxLDSbhf1nnmkdK7qwk1dVKnptT6YFwTdvHYLo,11983.54,119835.4
32vQE24NHMHFgwCcaxLRQJBYVGZksTE7bMcCnGwZvAbs,6q1tc4YS1FxqdeDxr4dDdmgafwRomgXJAYKVPH93xugE,11943.14,119431.4
7bcTG9Dc1gPPAyRFqm1xpPjiD94GfWT1yoxq6WCh2gdc,PmHko7mTiQdTPHn7LHPWXUdkxjjgyrEjCDTM7VqA9bq,11888.36,118883.6
BT2C2J3tdm4rfrGnhfPhWtY8b7suREuEcT5xktQBxcM4,4sYincXnSPqPKSywtGQavdb9V3L263kkkGQ4k1beF4Ub,11792.54,117925.4
7Pjg5qKn854BbFBqQvZvTWo44wRLG3NaMYeYPL4t5f3c,J7SKwQCjochWrmjzj2NKNY1kaGJvfnHiBuf1Bgi4qgQw,11577.64,115776.4
GWLowLYRyZi9x5RkqxcCmmGjRx8GXPxfT2GvYdGYQLFi,GJ1cjLp5ACGzwvymCqcABAiaNWV7rFuQmqryAvxYXRCj,11544.62,115446.2
CTgympSD3hkBhH2XYWfGCigrFh3ZHAvnxwAfm7nCbExY,4WVcXA3pxXDhURrWkNTovi74ji1zLg8YM82rZuQB6sqc,11484.32,114843.2
HFCeayKk3kMXMKzPHUpGUiSBoJ7xE9qAy5we8CiKF67G,HC31pK2XyG7XbzhtZSHXk8vqsqH4QT36pfdmotDJBNq1,11322.46,113224.6
Hum8kcnb2xMEcfXV3Rfm3SgNTQy991DBUUzy2gLtHCQd,BJncUsyb6mmHPjSAaeqzAB5zKG932oHsLaZrC4S1usMw,11291.06,112910.6
81uoQmt7RFVrPTRG1HVAgL2cLNurMq2Swqpw4eB2c21H,2Cn64zgVbSfjD6fv3D3iv1Pdhq8D9Cv3Q9KwHRgDsShS,11215.67,112156.7
3SAAo6ohwLr38yUQ4fnc3Zmi8GeC2pg1cxL3YeCnmEzY,7bhkyDboXgXKV9azFwk1NvTS1Xgqhmz7GZwANsiVBu1i,11164.99,111649.9
9wev364XCvZVa2csUZKqemY2jUcT74mvEc7ngb5Y7hAP,2aCS6DaJnci2orkU2bJjfAeyBZ5hkcWYrkvrnC6pZQxz,11149.36,111493.6
BvCsYrpfg9sxuC7UPE4NbYPBDAHqc7swN2PV2u1qFpSB,FvaT794Hjmjv3ie5tycjfWQR7gaW27yTnnrLtYu2hcDi,11086.96,110869.6
945QLYdsZxNbM1xmizKnxge76oy6Z6V1WE4CtqCpWG45,4tYqWwbjQCnY2cu4hFwLnBXFheUVTHqi6LbRnrfW6kAL,11000,110000
HPfaT8DzyZBvy62UffZ3qJpUCVCg6TdTvTwfRt1WQAgp,A5HQFr7dUwyoQYbu8wG5dAH8UHsysZNdtfXJNpk4jL5M,10968.7,109687
AjSy5JZnRx68EK3nzZFyRuH82e9HQ3bwZxKF8s8L6xC3,8jWvhDH8tccgYNRUL99MUizu2zC6WADiPuB1ctjuJUWw,10774.98,107749.8
kjdwqUbo2Ute1PFqeLc6qsyMzmacSAEdELkpSBx28LJ,EVeaufyT3NPvyi6jQeBjzY9p2oK43WvVPT3r6JYrLy1R,10706.21,107062.1
6Y74nr58gq9gojhdKpWs9U2Vm4E5R9bqbji5VZFJjdfi,J26wfQuDHwZ3fsN7yzS5MAzcv4VdA3KvnYkAzdzYNUs2,10701.18,107011.8
D6cUK4B1nBRX8zWb7f9DpTK85a4Qo6J2uLi7YNNJiYjd,F8JnkCGxAC86MciccUUbq9LGag4UaHiRuRBpcjGDtQY3,10557.11,105571.1
3VeFK1vHahuEd8ELqw5SHwRoQ1Nrwf9nrUsdtB9brYZ6,EdTL44ozhTAmtXf1nLBvjPX3Tk9YTKu5WaH1Ag3c9NiG,10520.16,105201.6
EWHHjG8rxCDW9uyv1fPwmXdGH1sofVZtfFefED1aS8Us,Aims2iQt5Bs7BbrnwDMiKv2YfdwUjHM3nKsvWqjurs27,10413.51,104135.1
EuKo8Yiauv4hzYq9yqDUSkGBWhQEnP3GXPtEZUguVT7e,8JBZ6LBKgJR4jVsBeMAEE7WWaNhkk5Kd2DtqZQkMBc4e,10325,103250
DaKCqaTjeghSRf9DfKTw2bVB6U8QTZhN4vXe4JVWpzpv,D3H862y1nhFvuHVBPq7QkfQh8SWD5XkQnctbpY677kwH,10321.71,103217.1
DjcAkc2DRpojWS4CgpeoPk7HKfu5AozcMoa3YvphhjKX,DUNWF83KaBxq799RKvPvKKAEGU8Zrmhj8h6ApWyjpHNF,10266.8,102668
9vduBxBZcudXtp1Z73j71eqGB3ZYehgAr8v6A3NuXsHD,Ac9XaHuipxGx53LxcgYxDoEB2Utya6hZDfvrEWXSZqws,10173.97,101739.7
G6sc3k3zZAL1JDin2sU2MnD6scJbi1givayV3F4iFhm9,8jLd2A9Fg8SBvkmpDd82VaCPbSiNiYqKZN4HXFFnWtXP,10146.38,101463.8
7ABb1RNBRBPWAMXAmUMocWJ5Krp23egC3WxyBoZ5xUmf,HVxxUagY2hsKWNpjPpLYWmrZg8kwZG8RezMMyyeH2hoK,10072.61,100726.1
GaYo4ve6vMXCNg4NMrxvTtWR28hACu5Kym7Et881DMfU,GP2YJHYdK6aaytFtKGgHjNqi963fQe3DEi4tkctMXb1W,10064.68,100646.8
7uQnRnDrtpMhmYvtHxgFjogQ7wC5sEyCMnazxVdGxhXo,6zaQZvp5LiGVfg3bnmi5Pzm1uhXVfhXEnA79PEonwop7,10001.63,100016.3
EX6osNXvhA3yFfaJg2yDqzXnmGnsZEuk4dvoz4uhex7P,GzD1oz55GpumTNzc7BnSjowb8ycqaqudgchR96hvgfhf,9976.01,99760.1
5dLn9aa1neTyGjL6W6s9pETwTEN7mU8CH3N8dCQvyQj7,FNiAjS4NE2txkwvAXNtTZchHp1UdAtJhgs6vWhS49dfb,9967.04,99670.4
Quc8p1jsGFDij65S66YAp6CadEdCFADDEaDvszKbrPY,7iPmjutGDyLubszC36uoy8kMN1k5vGsXWdb1yLCsc3ME,9849.87,98498.7
9U5CPzCFVh7dUkxikfeEVC12RYga4LcEV6xhYi31AAAP,LVrggwaPXt5xuMiX1S3iAgLA1PVWkSStZEStTpYwbWn,9761.65,97616.5
4PxwsuQKQzUuSwifLBSmrd4Z5w2hjFqTZpXDvnSZBPEN,E3WHDa5Y1dg1pm61YuhubxYu3rMHBDWiMdHWiyQzmRuJ,9758.4,97584
7FauBs5A28h5jGJJVHcgsUZW8epNXWKrXtAeSCEUBbS4,RTHGUySehMD3AE8TQ8iqkx6F1RATVUv8WW4jYzfrcK7,9699.03,96990.3
9HsvEbERDgpCY81biFDjazafQDmCqK16trW5GiCTY9J1,DjhugHmoLVuJQx6Ehd8smhaVaS4FoyrseNDS2fG24Udb,9678.15,96781.5
JDEnioBYg4fPgw2LjEo7kw87Y7TsD7Jw6WjkkeYV1u8S,H5MsKydN1SD3GZ7ziASvR1ytXUjhEnSLcjUELUH14RFF,9678.15,96781.5
8KwG1YWsXYe8UCHMe8tdzbgzsg7PHgyNNp2N947ARTXF,9ZFN13NMnibx54vkntinm4dUJF9FySCxiGDC2vb1Dq2c,9455.39,94553.9
6a18m6Mc7M2S31K9hfUNGz6ihzaJFR6rnb5LQCqzmt6V,8WJL83DjToF8ZNowf7sS5k98G84a3hX84EMqAKM1ypMF,9392.45,93924.5
J8W2NjZreohVomU8wgA8Z36r97ECJQ4P6PKtJJmfMUt8,97DiRioLmboiiipZuUQn2x4s4SMtGBEAwMn6aDfhQLcu,9325.85,93258.5
Z51iqMuszpZWH7WFLdNw7dP8DpXurYGoYinwH7G3wJR,6au52dnkzrjxcmPE35ohVXE7qE43k7WYnLYgg6VfrrYV,9226.97,92269.7
2Cg3Qar7HGrZiCHSzk1UC2aGLDSJ7Xs76q7LEEJeJdLC,J4ZHEXF6BXEHArU6XJhBswYTTw3nC79NpzTcEDkapTkh,9020.55,90205.5
CiAGL4jxswyM44EWHpo2UTmjDeLVgHZ8QYQQrnDcU6L8,EyiZgvJor9XRhXNckNxwCfHw4jJaSCtwoq72DJYddPJV,9000.1,90001
E92Cn6hoiDh36NFmLGoQFZgFUqwnpLoZaJNATat76Buo,9a96AGcZXo9pCZKL3rP99FhXnNe5WniegxycgCA3QRdJ,9000,90000
FcvqCu7PB6QvBsPTvKsKMDwWoBUMqxoWaEbav1GLrGkq,ACCYcihMwhb2LmJNYtaYzpYs16p7ievxFkeL727UtZNQ,9000,90000
9fSbykFzzn6gcSQ7TvMUk7qbCH1WESAqZefnGLD9W5Ct,BhauxEQhpTjjoWznkogrBsga17KgG7jd9DKWxT547FCy,8783.9,87839
8pGzPDgLwyHHj6GXGqLVub4L4wKa8sBUqTRsk2uYWg4y,2iWReCVgvx9dgHy6hfKnSYNzbEkJGcNc36vek2ouqnmx,8717.76,87177.6
ASC1yaisD4ci4rE4khy3BLsce1gxKdKLm3K1YtGK4aJj,AZuekekJLftDqBbW9ULZkHYicuA4pZ842hcHspuy4y7J,8633.17,86331.7
DiSE4j5c6zzmchMDFdNxMgMhj1MoW1bPwcQ5JG3BxVRS,HUpUqDBUa6nwWokn2gPHyt16ui11Q9kyvMt9YCDjjGTq,8528.89,85288.9
285kXcuNXTGKSuZ1ia66jHsKZvdpP7WwBzUTrsNVVSgK,CoLSpQZ1FaYW9iPePNc3njt1MBJ6TxEm4rxR9xZJ4Lvy,8464.03,84640.3
BD1HSaCsjhYyT3L6rV4TCWd5i2seWCXctKrfru8D4yLS,7MvKSvXjpXUgroy8tNMX8RYvzvQ6Uoaj89GVvwuai25x,8459.86,84598.6
47Ra59B9xhvCd1KQKw5yU2dgfrJ4b9esyzb8MMEbGqjB,5tji63GHDRRjYUJXRpsrvKhtCTLrNNe5c4VrbxVMngBf,8459.27,84592.7
BVeqYqRPZfeEutp9KdPivAN9jY1ftNxkwhieNyYHgapQ,88rBZWZGfzDoifqU7tdreUcQe8sJw85wfncLUbmTEgVm,8455.7,84557
AoaekNhqa8nBMnx4Peh1bbKhemJagutUUpgksU5HbM8j,8YpLSUUEBEVbxhGN17oSzxY8prL4iTC4Rpb4EZ1YoeHH,8386.96,83869.6
9mbSbGPJghUutCTotNGbtnwKQXFwJCLbF6iu4JS9k9g8,DjTmYU1bGFES97F8sTsSZxHi3TN3jNBt7sFUKwMup9ht,8354.86,83548.6
3zP2xteqot5rZGgsLVpCmXP65sUwVVDhzqSzaiuHGGbb,7EpHUTNqUvJ9NrsbdKJnwq5wuSwB9jvzzb2Vzyq13WrF,8320.58,83205.8
AXnYvwvC8Wt6yM2cD1sz95NxWhkcFzuQ2r9sAheXDni2,416zoNHxnh492yBpHGvS4GV5wyT1hyDw5vnsMqwL5KM2,8314.88,83148.8
2HHyaex5G2uJcgxkMiRtGF3NYB7wvdtvV5TWssrXGgzr,4A99YLGrNqs6ijqQ6bKnP4KBy7ZUfkycj5ZTta7dk4Z1,8305.15,83051.5
4f9Rru7LYgb3CqKwgQEFWzxdj9GLFK18HTE87Njk8b7R,5ddBKLgQinPgE9bCG4sSBHTT86NSaPQeTsq1AukEdxEA,8202.16,82021.6
6P1iEKQhGZdPPRDjhFKvu6gbYiVhPUj5ax76ES72y1Uh,CwFCnEv3wUuwmCb7VaAnspk5n7d2ejJnox1kKLenVp5P,8185.56,81855.6
4NyReckPEam5o7rTWXK1dnkq1ZDcB8LuWeQVezsK8Z9e,DzVzaeeCsJ5zmgooBXVj5yh3fAXDrSaUSDtviySAppFQ,8183.15,81831.5
HAA7dp4wQ16ToUG1AMvVapakFVuRhywNcBWwvdRxnNbY,DjjqrWufzxxuRPjyPsy6pDTA7vb4Aez6kdsD2Uyy1n8J,8114.46,81144.6
7kTGY65X47y2PWVLMaxjonHQC2uW4qCnPYaqdCz3mBtF,6ZkZAAjwhfGzGerpVSfGGQXuMzpt8acfbn3YHdqxvhZk,8078.89,80788.9
LkE6mDn3bjEtJWKhTzj7M99BTNBoWkM64QDJKoExbz3,9PaLCqq8xvKGGy4RMruojynF8R6yAUt3RrFf5ESWvZpB,8026.44,80264.4
F4YdgnaopBwuq71GErSu8fxhkStnEgfGdgRRVqV1VCPh,Cp81gZE4oSibqKnYEf34ci3XivNJpknUvNig5u1hPaJo,8022.92,80229.2
5fBAxjGky1FhcpLvT3ViiTp2y66yJFJfCCqKerySVSuD,7kGbrpA3JoETgtPGrUw3DwFBz7GYgp2HA2xh5gaEVBb6,8014.05,80140.5
3P2k6BhjUpywmBkp6Gx7bPL8uQkx1p613gD9NBMXoZW4,761knwwfexXyX49z3wbJpe6iMex8XfUiAkyevSkG9U7p,8000.85,80008.5
7TaBHvMpNJqUzf3MEoGhWfrhBnnXFqJDcfP6Ji5t4NzU,6N62rLcyvzCSXNCCUQcgvw1dHMCCR4azfx1nor1YwGzw,7999.94,79999.4
DNbBrLMd6QxYQqYeV8rZ4P2qpZqfAk194GxcRZsC8SzG,BugRD69c2sriTcpfRm8Gy85zgByaUgHzRhHmzZMXLmWV,7960.66,79606.6
FzBJiXNtA5h1TBEbDoMAHYiasdxs9LMr4rbPUBkknoFK,2h4zKaqyKDwZsKdxXkaatuFwwbM75eETh3eFML1VDJLP,7877.7,78777
8iPvfoGjWtkaiSngojM8bCFNHVa7YVv8Fv24gvxqJrvM,DXoU3Ld2hgsgfDo6bu2Si6JxjFepRu4ZXoXGUhHaQQKT,7800.57,78005.7
3k9fNbD6MnHumq3RvAC5VXULWSqB5FBFgBWTnXZn8M8d,4B9ZTeLATt1562agSZi8caREcVDX8a7X29GSFer97XLw,7778.09,77780.9
ACXTu13fwiV2pduq7JP1tpXgoyERezDhVk92kVkvpdsr,E1mGcZ2dpsEnPk1TmeQqyrjgFiaKoMkdNjGBPsot7AhT,7739.8,77398
AyWT6bGGWJcc48KCzi3g15oBmcHpetUSLmMecjG4fFuV,7iYcjABeK9ohN8AXGs6J5H9tPXndKy3Mu4KHsm24138B,7694.45,76944.5
CjCks8Q6VSkPNU8j6FPreixyuJdcHbLokp6BdTCbcu9W,7TCQZJoQ5KbMuNBh5fNW61yr5GYU4t273sAHDxng28u,7522.43,75224.3
3wP96vcSSuYzBPDjqgRNjv3Wd8NRdunGMp7z6QNjKCxk,6jxQssLZCN8riPRw3cUgqEyaUE9UxvEFhk5fpRtvsB4o,7494,74940
6MdnQVTwLTAx5ENTrPFua7tTk2cAmyhtm6TeuJA2NsBA,3kgXAwDfrr2oSRujoyYS12NN9A6Sxzdwb7wohQ4NXham,7492.5,74925
JDcF9m7p5rwDcfhvqPw3cYqKGn2iA4T1uBnATCJfWy3,DdZQHN19iqmL7q2WZfCayxeWJ6nfTQ382rkG2t1TfnCZ,7482.46,74824.6
9SFzuv4thiXK5eHMwNRGipPCAki7oBH1dSd9tmZ6MCjo,Bf75Ty1H5hnTrAPn9mu8CaTRnYexG2n4VWBBD6BNLYXS,7448.33,74483.3
DTuM8rsoRSKPsQmfKx5kasYnERcWhrnKCZKtN4EaTbsN,G7os4iR22JESS6qGf4D3wCG38K1V5DmbrbnBmzUjt5hC,7333.41,73334.1
4jByW2Uc1Q2Wex4uouwjaVycjDPWKp3cPjmtK1NhQ85G,4sw3aLV8qoK5Xr19S9qF3cy8z54utZ1vQGJ9V8od4nqw,7068.68,70686.8
Gq7z9yzSwTzzdYuMAdyeQVGpy1V9FvETGgfnyQQwFouG,CRzvo97FG43ik9r7ch83iVMcYfGr1ibx7coS41E3gE8d,7060.28,70602.8
G39itTuLZcMu8jdcDEo9oqPzQPWjoi8qejFfuf9gUJsS,32kZ5ndyxtX4tdh32T4mno3EoXxWBiPNE1182kBUsQJ4,6964.08,69640.8
GcWFu3do6qCbuqEh3NDsy4QcbvoHTHiYAi3XbNv2MV83,FhMnp9vC7HFPhKo7Bwo84BZKj7wMaEz394XEpy1Sym4V,6905.13,69051.3
47EZSpy4Ef1zrMydK3BJ8j8NKhbVVaG8SYcyJfkvXzLX,7sRwLBc4MKy4PdfRzN5TcAemJVSLcSDnH6gdyekmPmVY,6853.82,68538.2
AaNy9cBWz6Lh6qzFVZjhmsfcVY9aewooKhUebaHJa3Jz,3CZdppdBgyqqvUdx872wZnsajXD6w38W9zhUKxeXc38L,6817.07,68170.7
CKqjNVq1Mmob3iNsjMpKpuHVF7M8BmiKCLXiNZPmeFRT,3zECNcDbtXHwx7vyBDesJWwAmUAW89AMqKaZPMP9Yyzh,6796.61,67966.1
HGieKQjkZmiY4D6o5Bde5cQfpiJx5o5abVBk1iny3ouu,ByzcwDVyn7YWECaDkGokbMhZr8ReLiaRagmPtM7HrQC,6714.62,67146.2
5WJoMkRYxaazBjKRV2xktvDyhRCJ725mXvWsEoSGDhZx,B1b19aeZoVwmx5xM1qf56SzZ3gQ8ypQXzF4URssnh41G,6654.13,66541.3
BiQmMJaHCf1nekuEe8MjJ45Lzex5G9pjMQo5Wy9ipTyv,4hXo62j72HSdJjtA7f9eFZjDTdMJzaZzTUPG8FmJzTkr,6637.4,66374
svYekXXyJFL8ot22bEkmHnqCHSajBEcwUfj7LCxpybT,EL9pg7iY4XCFeSSMTAPPKyyEMVMMaV5yP9p7TNyE7YEa,6593.59,65935.9
2prue76jTc7oHr1krLXZRqJJ4n34M89qmxjdkgabLwvc,2LkAAfBHGzVKXtTvUdd6C82rmtEvgKuMEmrk1hoUccAb,6584.59,65845.9
5y3cWHouwVSz9dtA6BLsdbixAQheNA4oHYMag7XKmCFx,CStSsUcCcCGRuxTQDLjcGxUhn3LVTz4DJJWfeUtBLZk2,6563.29,65632.9
5Hd1jwLBjAcCuRJiiSmfedz8F1ev8yRJjRqYTunM4SEP,7rQyVoC9nouXp7XxZ9sowQM1RmKjpRf83bn8D58AShAe,6524.35,65243.5
H7BArHEzk1tthx8NxjDbD5LgV6PViPKr93K3nBe6g98u,2tcmUBQ3LmqLhDs7bFoMAbCdHDXUr4LbjGWteFwV7PkV,6517.8,65178
63mWGcEhsVQwAX2sLtLN6F5sh5QieZvaSnHy6LEcejxb,BSvUwBwT11DXK4braQoYvNnwW7bKGHK8jq5ztpxLq93i,6410.44,64104.4
Drg7Kiz2eeKjWnQoh5vEgrJEFQckzLrhY5WYHggSnf76,5JXiMCrvkWyyLapESbMgUY1YJFT5iGT9C85NkwHHrHhq,6379.44,63794.4
5RLzWXNZuGye5J9MhQsVHsp1oDvUvfjNEbRiVrrurUMo,D5xj8gj3uWE8JKQFYuXcKuP6awnmxHPifLsstEgMMJAX,6358.62,63586.2
DaQM6b6dbxShqjRdaxPEgMorgjtRtdpfPJWkWYrKgNPa,J25B3pvdQMxTsA9aCurJaPbwBox8VBCEVdG9P54xBBri,6309.77,63097.7
EeJYkEFXwkpMy1y8kyfSKMhRPsyGCwM73QFpXwQRQ55H,2Aac2Z4bt5TAfn77u4YVxSiXXKR7BhVLv45PPe5ADmHk,6300,63000
7dhhMw1bdYZ3p73V2mF8G2dddREP9nDMqxYuqeYdoBSj,9apSvDZdQmkHynA7Wci5L2JLxaW3UY4fJcWdjLaZurV3,6284.3,62843
HmQrUG7NyU2v1h7CLpADB76RjEYu1gpa1BxZ5sqBHWA,DRoGWYtmfZDSoQ4FZUSa4AudhhUrfJgP8EhWGaZDAATu,6201.64,62016.4
9KepAABroPBByJGhibXiTmTnBgAkD9j1AYCyjC4FthmP,CAfyvHuWNsmA7xp1iuMMvJXbeucD43WhjexXoRjyRgVH,6120.71,61207.1
2jFcXfG5GVfHpBgDxLKUoacBg5gsMMhdjJ45QWU7MkMb,AeKZ1ghH1NEYC1sb7AZSR8CqGXoP3kWhV4eztk211nqJ,6000.75,60007.5
GKtdn9PLGonszHN26HerA7raKztm4Y13VytepjiJWWkB,H8QS1YV69qbjbSbat9cPiiCPW7hcRhZYSKrtk2ajAFh2,6000,60000
9gEWLoyPajbcHdkGSzAHUynzY9nNiYWzjmxjHD56sPJg,D8E4gp4nVy3TmZyMqnUz42e9sLgVeWjfMaubdVeQmr1J,5955.37,59553.7
CJjCPNHosT9WntGePbRfCyEe77khT13jeP9ntB9QD2Uz,7NCmo7Qq1MQ5eiPjtiR3vSkqFLEVTtWYfhvB8kS9GL5S,5953.24,59532.4
BKfV52P6NadnDqA7xnm7PCpeHMQqLSb2LgEwXuragAyD,3sbJz5mPgbyBNU9Z2UeZJMzHnQst9TinZpdthpePsPk5,5911.85,59118.5
6jZH2BoFkJZPMH7pxKzvpD5zp44HLb894TzLHsBx7BV,B6D9gfAw5grXUJX8sgPGzmrHU9Ksg7AGmd1YwQP67keK,5899.05,58990.5
8c71rh4QXGi8hzCEcRFdjeRjpxvz1VSd2WYpqm23PVFx,DYgQ6Vwajpr6uxfAi1wXedf4uyPppgw4GBHn6eddt1TJ,5809.02,58090.2
CekTn1Mm26aByHHD27XPkigbeYXjpDgjh9pPPrztucde,9ZYNLGZ6o8X3gJxRNVUaFbamK38dLZMe5HJaQpTtNPH9,5800.14,58001.4
CznPaU3XvtoDxCLe7wsTdvEJb8jC55jXBFsSxK4hqyNL,5ZyNeqdjQ3HmqwAmNsXu5ptJyvAXwBNgFm8v9T37FyjF,5774.52,57745.2
E4JQo4s8zz6zU6KQGyp7bgBGs4VcXCcMDxHMhwsNh4F1,8y47AncsAzqSvwbc6rfiLxPK614t4r2QVmch1FPufEEh,5731.33,57313.3
9wQzWZ3LnU6uWPE17Z7bhc1vbKEsUyjrbTbT3QnKAVqL,6LEL7yk6XhHW7s36UQfkd9dgsmuevsiqvpGwnRX2puoS,5720.42,57204.2
5PANdYHobzKXGuxZZFmYiAvWteNRjD9cZiQPz13ng4fi,DtCkXaGF4rwdF63nReJw23Ryemmm9MByYkTERf1msHaD,5668.15,56681.5
A9dBaE7Pd76X6DBu554z1DNsXGE9GdKYzBm5cGnSnUcv,CZxGnTdz2nQinNKcndu2M9UVkZrzfonyv92KYroCH3Ph,5667.36,56673.6
7Xrew3XuBa1SeQ4Ahv66vMKkxiGxyisJGFePc4j2VFhx,C3gcuAoDkV5z4VsnQ3sTszXSbE5owxduMvKLaEzwTqzX,5660.62,56606.2
6M7yLNhqSm4KPBJHnJXGSqyyXLQEydJPwNCYCBxfMbXq,D6bUMn2nuHx22n6S2VGgVy6zz5oyzLqVaptWVsndZqv6,5556.43,55564.3
CTy6rq1PQGos3svk2oRt8Er9qjMujm9bHi2TKa4EVXPP,HMQqzDszNQ5RBgGH46RYYSZpH3ueNyk4zWwiCULpVZTp,5453.65,54536.5
GoqFiYPVqBixkvxwnbJD1kpRi9ztmj85mrpecEEj6r9y,HjkQFYjrCCERmqDdkqb7FuiNyHwLyseJZgiSrpK2TxQY,5451.63,54516.3
CbP3Jnx3NfksrNdKeHuF6Gwe9AYUabVKVn58kj1pJHwL,DDWffj295WDzSuKKqdbukUk22hUTbYg4dcoEDyRaSmu6,5414.05,54140.5
4Wp46KvoZn5dbdcjhmaY2ug41NEx1pwhHxrHVJSUYFrX,6yfM1HABFDFg3m7ktFpZ7bKrE9yCNLajz3DjoPCdzj33,5138.27,51382.7
3NKgjtftpvAeJMb1h5WdpUzKcd9gy98BaV2tj9KKPKte,Dh92kNTZMqntsbKegcheYVrdwbTvt5z29Wk82yw6CWQ1,5129.8,51298
5fvc12hz2RuQMMUtoEp9SsGTNeDVx62dmi6FKeXJ2dLp,B9BhJ9ban3ZRuXTVKchYV3MCKndpN3L4quzd8ETv54Gs,5122,51220
EefwNahty7HjPtW1fLTYYAkhJhzG4vYzRjSnU9ZbDLrz,BYeBjy6sLUzW9tm6kUztoKGjxPQubiR3wq9mcB44KABj,5050.39,50503.9
5knwDi121h5GmBd9xXSXzrJyooiCCrJM9jAuVqKb8Q9c,2nAUUjKLF2bGVMGGQS758YGhxLK8fbTHBVSsoksLYrAX,5003.61,50036.1
BCYRW7N9ghRaeiPBJsj81FB6dtWv2dtA3NwikghrFXaW,8zz3vu31tmhKnLwr66ppbaoy7FYFzAveaxUqrDFnZijv,4965.68,49656.8
GuGivLfNHgqHoMmcu77PxrRhLVLtj8RX5Q48PncbskNp,4VJEY9RCzqdCJgrJokUdu2oST2b66ux8SEnSFEoFgw1S,4922.6,49226
HAahRFbiYm5DoCfUoP2f3aiFip8tHt9hjQUDRrQB4NH3,EqbHD7SKfVRS5RqS3nTgEMxHu7VtLWuMdGPxmC3W5id8,4901.55,49015.5
8Q6uoR8Ld1RWc5MKYuWP1a35A8GWUqsbUeNbZt1t2rKr,91og7xk8r59dJHUo27nTHVRySbKCNTte8ZqvG9pqufYi,4762.17,47621.7
HBVgsBdvQoCH2khRVT4Qb2GviQcEEt5VsbpHNbEx2XqM,B9R4BQa3kTB9Nog5upHQ8zfF7D6zjXeUaU5vJDqi1ksL,4694.22,46942.2
HcuQFs2a9URYTeyQhr99cpFWc2iFnWvbJ5K92XVk1ufq,27ALVzrbBGc4qVxLNC1cMTttdjMsxMWg7erErYqrqpeT,4592.8,45928
DZe6dEhg4tUtG2piZEQrpcWvGvjSFv1DRQvvB2ZgmKLq,Ex6UdhX7cS4s4h4ZmHrGjzvDXUbV4iznowwzdidQwMMq,4500,45000
Ae5uWkF6XGgueZnTXdfLFpQRbiKajC5mcAYqMHJaJegC,7dm4zBdC5J8qd5oqvQDYk8ZWJ9VzJygN2q89MW5zAmZG,4475.59,44755.9
EScdK9Tmvv3BBBYXCqBohpbZ6YCA9BkLHnkBV9ihU2wC,3CBDvUUprKnsfSSLyCguA1Xn6Rhxvw76W4AEYquUpqMh,4475,44750
6LYofh2gJKyVaviBsq989Y1wL1XdsAzD5KYas4x9bJkD,4fZYPFZqPWd2vVK56r2G1sPCJ2jG5h9oWkjL5MtGiDQJ,4462.24,44622.4
2tdynC9pjLkTGKLBeae8ELHzzbeYX1rXvYer66aTGCXW,Eym8uTjTDQiesYJHb4YSeDLM66XHrxPgj3kBCoXT4kxf,4441.28,44412.8
BZoP2HwHgCnfw5uRuuhUMPHc86wenXPzzgrXNAmXhzV5,HjVDzQd6di3BuA6zKX3nJAXGCUn7WoZYww4VqStBDe5g,4390.64,43906.4
G2ZzBRQC9Pv2q6kL47Zwm1YkV1Pt5kTaVwgyYyZGVshf,H9rtoFMBmAEXSCx18vPwA1xiW6VFk6hW5Tp4vU7Qnzmf,4340.31,43403.1
4E28tsxBGJS6auqVLgb4KJhAJiu6kCgQM3d375zAeBzj,E6zDQeTicSfkDbUgMYUkCKbgeB19d1p1XYFenLTWspgo,4336.23,43362.3
5RC741kMn3ct6eawXWtHihDAHp3BCob6QcdNn2Q5UpiA,GyiHVvrcGuWFmjVc3BCqh8m667mYZS774GXCSAr2K1hQ,4320.99,43209.9
99wAcxtzmM8dwRsjn21EWr1jktTYSAcfs1cdkgqp4nhD,CjKh5gpcgoQrCxGSXm8nKocpCqcJ48ei8yJRucqsLCzi,4309.68,43096.8
6KFVj2czLwNQeE4yBgFau6LHUS72vqgP11Sv1JUNxghz,14Ci7PUo7PZ8MNxQMS4ziWBMo1dUmvHCPGxpyico6mji,4264.71,42647.1
CxJwWASkMoDdMzcYvp1hoBiMdBSwAMiPGJeGKW18Yw5D,CHp5KpCb636kkiMSJEk8H3qtjGjufg4b4x1KmNCFRBho,4260.64,42606.4
64sqZv9Kz69o18vFzyNTm5NF7NBnA3E2DQcBWjiuVTkf,EAjXGidTX5xzibWXvK7hios4GqrsBkVqwub13EdFvniQ,4215.1,42151
CXiCAzWdm3Y7V9hHUxpaoh3XHyi8s9NA7pAyym2haJNK,5RERjgF3t5PbFi6HzJMXJ7EQykKa5ULdx2iAVoUC6yLS,4197.85,41978.5
6Ys4oRcPaztQqJG5eyNTEiVmPPWd28bnSpnKk5szTRfr,9TQR2nFnXSxvb6A5bXrJyhFQQB6W7GEkADHWgybVHBam,4177.85,41778.5
j2chVSFtBMwvLRNnskH7yxD7f8nPRipCuiZ213ZGB1i,4UrKH8BUB4Jc4pmHVa1Xon2rS7YYvXEchjDXvAob9dqm,4143.12,41431.2
22y2HvLEFcJ3tzMofxgH9dk3DdDLh7zWW92jxa7q2N7p,ACQk8iiAzrXyPp68ZnnTJsJB27mrfHyzdcfF7XiFwLqj,4127.46,41274.6
E1ekCWoJH5pR11cd6wmvRRbXqmweZgH5vGMyLt58GYcM,CAcqQs6bRjbB42YDrF1xHqdyFkNveo47xF7s8qo4QEs,4075.18,40751.8
HRGDNbg9vUHoevabB7A7sBVmugsiKam7wW4ZTAHkr5q1,BwwYLfRSPGrdSUEEPHYnS3FByCxcaArdnGRTHKr16CgF,4054.9,40549
9hRPmomAm9RMx5Y5tRmBLxPgQnBhtzfhZ2f3yJNPUBr5,FMZ1Lo2vgjYqD8DSKnkUS9yB5BQiLvehbRJH5ZmvwFvd,4043.42,40434.2
HENHRUokw1RrRS5AixxUEjZxY8dVVDtJLQmVnsi7J2ZL,3EGrUBQTk3SguWqyvfcHH6T15UNNKToX3qiW33eMmtYG,4035.51,40355.1
27yzvQaCT4HcZfQEL38y1HqUjepSbw4aVMNBgnSYSuaB,7PgGdjCBxTsjcCzQtZyS7pz1nfuDtgcZoKEZuajeUfxy,4018.82,40188.2
7bXY351s8WnqSiGNNppmXW5aCe95kgQfchNUJHz7LD3e,6ohpu9L7Hn3GwNBWgaUiTGJKSd6vWy9s896sLTFspfnX,3972.92,39729.2
ETFDcDkrCid6NdsfbGBor5RWRa4x6xvB8Bd7PpM1EnNx,GmkwCW4AT1ESKFKJKmDnMh56Rvc7QGqXsLi24U6weGzs,3950.04,39500.4
2rbMgYvzAb3xDk6vXrzKkY3VwsmyDZsJTkvB3JJYsRzA,4JMwMyzwokZsjKGoZNzuAx2Wp9oqarzRvVsgCxxoHuKy,3943.83,39438.3
FyTNUCnPF4jfQcXrrcPKvdrznaSmTWRAVexRy2GiMcgH,B9gVvaW61yjgmLJoqe45tKLNbBxwFE3ksgPHM76it2xe,3930.67,39306.7
6wW5XoDXwiM4eFvwFdwU9yJXWuUSYPtWuuzUWokM7rg2,4R3Kxv8knGN87bkqBWxpT8u4ASohM4cYMUbRmjXfLR7D,3922.91,39229.1
FRGhPJbnnzHXgpNaemZUZfmW4XBLPNi6RjKUGqYgYQ1m,3dRqkb3wsmSxCkb76mWsBZff74XhnSdykT8Hz4UDR6BZ,3864.39,38643.9
2RZ8PxrhJcAa9eMsHYvmTWiEnyPFcW17KwoFwBsXHrJu,5FBMyy6bXH5LgarCxbz2r9RQNqAQAq5bcSGJ2xLCP9qJ,3820.12,38201.2
BNAwjo81VrX489wp1vXmgB52jAt7L8greARH5WkGuewL,CdAu6rDBnW8pn1SNQFfodbL4k5s8QV59GrYTmWYhHE5b,3765.57,37655.7
GhQ47xLQwvkL9SYAdKQ6pHEBHvtNk9Wjgy36mSEDRqcN,ZUucrYezqZ7VqvPg9dfcFQpR1Vct2JsPhi3csSJ6PML,3739.77,37397.7
JDvVQRhWPNLGQSC3ghVEtAGN7AQ1ihqPDb4diUZuBDYk,F9Z3NWCcFmo7JCQYMDNWdWn24fdQ1nESA1KzHeUupBQD,3720.34,37203.4
FMLExEVM5s4iaaUkJau65wKGa9HVBMkECawg6vxHZ1zg,HosYMbhznCp3ZxiDrmMnpRTMzkXqkrTVW6Ur3pc48yod,3666.2,36662
ECepV66xoKqA9dyGK2GqkB1w1qcuHK5FhVsfWLZQ7doU,DVvRzWtUVR4oyso8c7dzggK2VAgpy4qGmkNXV72ZoGxj,3662.39,36623.9
9eRST8wkCwvw6pCYdXsSKQVg4TV5vGGUYwuPsz9QxVPg,B7FrnCaWrzfMJHAt3FHWrXxubX4A66P7q1aqZQGPWYLL,3659.51,36595.1
J8aymKAujmb4wD9HCU7ek25BUY4BFxfKGRcbUw6md1a2,72gjpip5jzn3fS8yZ8c5coy4QFyyHaKXQ5iK5QoeuaG1,3651.82,36518.2
AEzn8yQTG3RqcVyWZS45dD69t8UQDK5XX8z7zwVnVjf5,24qhWXjEc5dwu9QZW1wDtDBMW8DweUqFkqcYBWhBSAg8,3627.99,36279.9
6AdVrKz9nRSXXFe8vyvnMGkTFPHQjw1jJCdzh7aeaBYu,5vfd2keSdSUfSnGWWoSzjVc6fVnEQJtktUtgR3NDFAcQ,3624.15,36241.5
A5hQ3zG6LGyGbVj4YdnM3kKvTRdD9rMnBbGhickXw1j7,CbikpZqJscREqnxYy4dkwFNtFKBhzW4oh6EWXim7oFzN,3553.29,35532.9
23KHCeHmc3AVn8KyqCn1rgKKaC9q1NfKDByaHBR6dZrH,G95bGb5qP6pgFMKb1cQMMogrXtCwXjqSHEVtX1onmXWW,3516.19,35161.9
oHjzDJFrWHfo4Ub9ZchL4kyQLs3vto5CxnwJmFqWacz,7ynBFWmuVXwDPhxFHCivvi5YzPMVKLAqonH6DrrkkCyo,3512.78,35127.8
6Vh6zd1UELF1RoVsFXcmzUfo4TkXHDZxZ6M9mv2M4cG8,FTtN1WewcXinsYHVhQmuCzW23YiDMp1um6yS7dc8mzFv,3459.63,34596.3
3fswhKrXi5mehtGsWXbseMyM1utVH3yMsQxvK2Eb3gcJ,EpF6RqZJBZLgF9jTtBX7JaWhACfNqZX2GuWFHfvmayYg,3446.43,34464.3
EYqmgxhHtLmeULSd8vV9mtLTbabr2pPrHbWngnePuo96,6RwsVtPz2V8Q1cZBjhmv8WcRAyLAvy4WUUsRKFRGWgnc,3430.67,34306.7
CDkCqEEars9Z8h5GoNAXTYKEo7bnTJnPzA2ZG5oCoByq,EMq4Bj2zp1WPjPuXiHYkr9cTxfz6mucQRazgZUrNg6tp,3422.28,34222.8
9oGmRsGTtCnMrouhKaoD1xXu5Z5PRwTfUXLsy57M9K7J,81H2CooEpBmMQKoNTaLJ6HMw9wKSB3v68vnrN8DSy3n7,3412.73,34127.3
EN2mqiumG8bxdBUnuoiED2LH6qMe1U1Xfj3Z7uJj8cM4,3WPo2rGnc6WRTkh5MSeJEZus8JFyb4BGDSV2yoEnxu9b,3326.75,33267.5
8ghkSZH5qQDmBFcmP6i14JWVoySaDAWXN461qEmmeJ8U,6i5tRL3DvhfyJCewdNnN9SyBFvdujN9FzjmPvcKdkKEf,3314.79,33147.9
2bWnaD9U88v8r2PiPzHSdiVcBoSUDvBXGmtDZTKyJu4q,LvWuHT9Pg2FPmVZ4CZZtc7SHHrQ2ZK7hwHiSfW67sKS,3312.55,33125.5
2arY5Zkg8hrwdYSJyPTtZiuFhBNnAy9jBjKMxFHr9BGq,59sWnJPt5xhhKj4qRKRxdbVWfcXpk2WnueZVsUDWkRdG,3304.52,33045.2
7exedc2fVgpMWg3Wx9CfdJAUrD11cZ7NnL2b6eWhbaQQ,99fN1fRBEVvbR75bnNQaPjgRYMsSaHJkuAyRaMpMmCFv,3275.74,32757.4
HRXd37MWNXmz1JUxQxhST5kqxae8jZfE997u36Yds2Sr,Ee2WJzUx2kQPjfrFvM2TzwsbZJnGxT3b2pDBsu7Dn738,3223.86,32238.6
FgZTekHFsFWRGz38n37spaTVdwFUVdK6TR6fXmY8er1q,Ahnw3GvnrCxPjnoYR5gUPzuJVp47uWbyaK7b2EZaDywp,3172.63,31726.3
J5UJ2SKAApgcD1tGL74m9gNCqnNn6cqLQpx3qvQQLrQE,2ADKcY9P6KoAzQ5maBEsnBF6bV6esXz7FstjhFgNp6Ms,3149.48,31494.8
BYH8VdozpCvV2d2WkbUudbpGFQ6AGnThvkEs2W9BqJuw,2FZwubGySetjKyESECKkRhghBS5TC31Ky3qX79ba7UkG,3134.96,31349.6
47fXeEEUKeww5fXqUhnenNnpA1dL2fk1eJEpSXfursvU,81jingWnY5rRRAZsk9T5XkJjTTDGeZ6nSCbtDsAyeK2P,3133.75,31337.5
65NkXZFFdv9uEskqQUaRm6hGqPzteXU6BrcN3o8HPged,5cnALkLy3SvFtvU1TmF8uHoTnSz1QpbyGfZhV6QcR6Vq,3120.57,31205.7
GpCNRqhfQk1NYosZkN9AGbXXBMnHdq2Ze94DmXsYNpMW,5i1zTiQitwvpWif3kr1TLc3wbkUYKDBaK56C6sTWBhuQ,3098.3,30983
FJ6zMP67Y2o2yYpaeh2QS3vEuZR5iuqgzbvjMfXK8wew,E67HV4c57h9RDcSp6dsD3BSouuvkZmdTSobW9Ts1FWep,3081.49,30814.9
3JZgngk56Ng1fH79dyWGv84B2kWqrXY4XiMhDtAubdtS,GPRW5aAGqbsawRRnmRTRJoyFCL7Wz32rspvmHtZkAo5d,3040.77,30407.7
qdupbcHPHBiRQ9QcRYGYfJM8jvsgp9xQaxNT541dxbZ,GEQjUUgAG7MbPMCnXCydxhzwmXvsaLALfHZHFHoJQYoV,3021.74,30217.4
AvyYo7ukPW5aVEcp3RvaivL63kwRKXKQjqDuiesQC9pa,D96Cffswgvjmbg1rGWxEVR2WrYLyTtNVV95UTrwSXyS1,3011.62,30116.2
H4wB4Dqo5CAApR8rtiCDi6oCuqpoeQqhbcbv5DqQjpbG,9iyaP1CdM6jXkuKkD1t3E8mZS2SrACVmR47KPydTFH4q,3000,30000
EgVGXJDDyVKNvFdYDT2GvXf8VazR1c3Ewi1XtJZfkbxK,6HQL43dkihJ4MzPxx4BAVDhbtrePB4GaFzRbPgmjwA1U,3000,30000
8DXPAa2cwjr1yA4hsFsBNYQ5RDjPKtbmqZLkxNSTKtyp,HiAtR9j87x19d8FGPeX8zVfLXFVDdQd9BoVDDFQs5pVF,2999.79,29997.9
GVgj1AJGEiBSnsZmChCd698U7gbkGth8SjMZ4T2FR5tC,5bopDEstmhPJGekyDFgBwGa9ZmKsrWDZq5vJATjE5YTh,2974.88,29748.8
CBY69bscDLMKSSmd1ERNH68ZWHtutWQtqgVRjsrf2yyD,5ixBDed5rdMQAxqLGxfT5PSLckFFmrQes5EW3m77uQQa,2926.35,29263.5
BfadTomQHE93JzrBwJQavcTgdYQTQiCYxnrPcXdaqL8K,Bc5ZB1G3xzJaFSg59FJGmi6S2vu2PLun57KnAhEd2ecv,2918.85,29188.5
EMLDw3HdLxUdqkgohuY6zEqujhxo4oomcgoh6yCLxLAR,FLsXjNYgfTeziRwVQTfA2ybgsUHa656TYBu4M2YLM6V1,2910.56,29105.6
DReECnkoB7GLKuAFVpaZzqGuPQmkj9vpT8ekh3mmGpsT,GBoe9TN9weQwWW67RwWich2oc9x3KmSvE1hECMG37LHb,2897.76,28977.6
GhqCv7bxgLMcY6SLLeZ2JSyuf4ejtrycvLf4U5T2XuCi,2uSqjsPfEyFQNVvGiPgTUCf4Qa5rnNKizqJjJb1Evi2t,2897.27,28972.7
5Euwg4NjjvdLuV6bMdJiDrtpmD5KzBpG7qUjxMAXdA8n,J8mi6nxs8PsS2tFiiDGTRrhvp164yCnFWWAvzuKMyUyw,2888.68,28886.8
8QZYt5mBzeAZ2ghe1B6zhC2WSUZVjA2ZJ9YM47wwsmHL,5WKTrAYYkE6NGG9HE1yTJrWaXdobMq2LmkezhRHiyiJV,2817.31,28173.1
H54fiyMczrMdmRYvYR1iS2JuJwtFfrFt8AfMnpyTzjxN,9o25F3hDATRkywt6W1Dv7NjC5tAtqJvgh72DVoSD9ZtF,2814.85,28148.5
7Zrez9Er4V1KdabPQ9GMZA29W5JRHmT3Gsn2jnAXYH7a,9hJi9Gy5887nHky28cecYNmJdFL5KYqATWwFKDyfX3Ao,2810.93,28109.3
Hic57dfs2wV5V6FbcaNbBKuJ12AgAuxC7cV4ap24XoUM,ChtroLcosStMB2kNV2yHRZv8oHhiZAg1Z55ZXAVCuPR8,2791.12,27911.2
5dmfptiao3hGdhNF696tydoCKoqTc24uuNw5nxc3wgoT,A1eKYfK966wZCJPmJX3ue2vCoMQMM9yx6cAosv1iWUWx,2745.01,27450.1
6JHCKWF1q69wvia2wTMXL4WTx1ETUM4z3R6YYqUR8V3q,GMqeLpzZ1m2jxEF1gXmjGsWBSRnzXZwpMUZAHLcD2VmA,2659.77,26597.7
58YAdCeDyjVSzV2ESNAXyokJikaNtGBPMvME89kYjtss,CJXCVT2ygVFEt3U2VR15zJ8qrVJQzhcdrbCGyeMuiWtS,2641.77,26417.7
DmNJGq7S2nU8vxZwE53sygLcopVNzhQZzdJGZEZbujBr,8i3dPmBwCa7unnwarrdx8edHUuQnZu72fsJoDMwWz6YM,2638.36,26383.6
6fgwnRJtDfzktCHgLeHpLSntpzmMjhk5oT6Ce4Koj6an,BzHYV6JKYU9qVyjJjdoxW756muHjjqzwTgWKEQfiDYTz,2624.81,26248.1
B3K9MuYbGDCKBZBJfBWe5nc9djJ7dhrJmhNdWTz1xFvj,EhE1pe7idG32JcnSYATGxqDHykiaSANT3NcWDaSuiVnz,2594.54,25945.4
2kCAFw81rKR1csK6FG3DGoue5s3tiRZDhAfwCBNxAon1,22Anx6b2oAhiJNbZ3YE3LDbSBf1au8RTgrHveTvhVzjN,2578,25780
9NceqZY6VHmvLvK8MnEGUuLAhLh4YUfjAKHK3K8fQAm8,7AQ7ovoxzJDq8wavzbe5eTopJXP7bxdZmMU45Hq7iphx,2577.69,25776.9
EAvskVtsYMfEmNrhU2hPxS8ZDzjibPgxTH4wqdSiJJX6,FCn7MujdUJxsJX32PCewe5iU2MeFkGN7TQBDXzw4KrM,2575.83,25758.3
79AtUFjYemR8bEV4hKS5od29rKPKsusqp66C7pgHUbbR,7XNMXJmSstYKDvyEPYKtkFwZTXVxAgknkokbibxqzFNT,2563.6,25636
AUnF6ELXb4cocurAVThcZT5KTEuQYmSjM3NZcTrkhmdY,2NrkHcf64Ezff3r9gr6qFA5eoxr2ox3Ng4bgpP1gMSfu,2508.45,25084.5
AgWCv5i4TdPs9MR8eb8qcyLC1BWPkoxo8s8c1vhJTaoQ,Gdu2UjsWTEUL5nSAk9wAayyaS8Hh8zrRQVM53UJot2Td,2506.36,25063.6
6QAAiKgMkB91L62EjpHoNQwmvmQuKE1CfbpBBYCwgiUW,5hGuRDhTwptv4P5FVkw3rQzsChqiTZziEaJDpp3cbSYc,2500,25000
CSi8izcWrz18owC6aPqqcHK5PQqWvTzLMddQGgfAc8kH,4USPkiKk4XLTYbRFpEbocDzjCAPgHeWYd674u2iXPXLa,2500,25000
BQ8usoafJbmfT5n5s7WtFYfh5pkTyNrBUTsaM7sLFvdP,GV7wEds2HSfcEhsGvZc8QxfyvPemdGBha8A5AjZfpVnh,2442.13,24421.3
96ftHXxHfti5ryzFFEAjMNoXLq4dwjPGFj1fg2wMWeW1,GEb1ZjiVHQRX8T7x99kKXncps916FKJmefCPPkWG33h,2397.64,23976.4
AkTgH1uW6J6j6QHmFNGzZuZwwXaHQsPCpHUriED28tRj,B5qKRsPjUL4aRuUuqE1zrZsnm7w1oX7iaBZAwFuN2Mam,2393.04,23930.4
9MpaTMVEaUKpxzoeGiWLJYVXJrGrMDKFsRM8GEFysdAi,8qUqT4WmUhM2CE8Ln4jD7Le6AD4zPqcgePKK78eqrUj,2384.17,23841.7
3GesMbpPB5QjKmcyCE5n8dBRukayzdGES392WN48qtQz,BrGBrrcWc88Kxh13cJTaSGHqrkfkdsPRVuc9XfKjkATv,2351.66,23516.6
3T8NHitZeaKxmCvfuS9uSNPVWGNkDi9wPRhPLH8RRDoT,8q7uhfCFwortZrdb9nUJbgYQeoTTJj4rCnyGHfUQmZUJ,2342.89,23428.9
EWrjjd3dSsuv9CKMM8m2KHdRtBc571iWw8nJsJ63iCKx,HJUj48mUjd9VJ2eFHgPJnMDTEkKB9euagkznF6vVQLS6,2318.1,23181
FCRqfxHGvYaCB94NZ6LtrsP6p65kQqpGc5S3hJMdzeJh,H4mXrCk23YH8oDGSGzzWXmEyiHap3B7f4cgSnaEq45qL,2317.48,23174.8
DaQM6b6dbxShqjRdaxPEgMorgjtRtdpfPJWkWYrKgNPa,3CoE6wHVEMabb9dCWi9qgmCgUUruwP9vqkMsE6gbrCyq,2237.36,22373.6
7sC1Zi7fnWQKerAm21mBeYbHMBsD6FvSgbHCkookHsui,BoFy85BsutaFuvqFoB6m1ZWC1GPUwLA43qdCeFVPDwhT,2202.64,22026.4
7o6SNXWYjYuwLRVPJ1n1KMSpHFeH8vjRSpMwm4qMnQ6i,HUR61jMhj9Kkq6AbQQNtujBVQoJUoYbYMWPUqBBUVz4K,2199.82,21998.2
dtv7F94a8QCqjAa87FdFM2o4WELsHfN8DiDiB85zqpw,9tfHmGeiTrU1ALFzCeVtMNJ2oytTTZJdkGigyd9s8n2C,2195.19,21951.9
DesixM5Rizxw7VAwoLspm2ZvH94ZGWx4Sje9oJ3eUnQ1,AvqwZKttSxdpgF3dQTD8K8VD3Mcrciq3P5EmPpkjmCYC,2160.65,21606.5
2nJcRinwK57TbCP2Zwf5WdEvEMtx6foXEKZAXbNhnicN,HaeZwekTKo6jAHfF9owu8LPjQzyUkUGSeHL8VQ2bZXHE,2154.84,21548.4
5a26vj3aUenuQUBsCFUyxxNV47mRoRw9R3snnGDB5czt,axDiBW2MunSracjWPVVTitnfivMaMF3PsKhC6FHQefE,2154.84,21548.4
BSfqkm1jFChBEQheJzpzjALGqLTrB7yovYdsTgxVvPkn,4y1DPMWMwhmimQNYNEE4GacLwp97XauwDBQGhhRbX6Tm,2151.77,21517.7
CVugEFqiRdBHm3egmRR2DGpAVLB3heuUR99kg7APdUVJ,J89ynQ9LqEBVy6MWW7zsXzvehuv5UUV9ooQP5Wz1NUNm,2136.12,21361.2
8w3F6JPHXorfPbfCRXoh1XQ3CQs9G5S6h7eKAYmk6J3m,XDn4UexRA6jf5TjoVsN3pAQT9X8UNJ5aCL3rZ4hpuje,2129.66,21296.6
BeNHnzHUDXgJdBEJJ1vCV8sQt4ZgWS5dx8HiXVzKcJbb,5VTQwUGAV5uuZ1UnGJ2CZUMYiFPNVA6wfG6ZgpyYDMAh,2124.6,21246
8u7RQ2x96bDCYLqUU8rGGAxaHgBUa7APLAbVh9qhn69h,H3b6u4YoPhkAvReiz3N55ZXY91E5xJt36RgaQjXP6QbH,2102.67,21026.7
96KoCaAGXkesYZ2sHiAHDcrMyPZAAKqkF235i8j8vcMp,EBNR2qwya18eQkcMoWQK64nriFWzTwTRr2K6LupcNyHZ,2075.82,20758.2
CK4g8xraYia5HXJpFezLm96Rrp3vAjumq33uMP3QPvQs,HhVVWuPn93c2j2QxT2FwBhzYA3DszpBB5su9H59asBUP,2067.57,20675.7
2HjsPmv2F6mkbyCXF8yRxtRs1QYMjoL77Fbk4hhvnfvL,81f5fGgbHFLu1vr81C3LM1YwfVrc9MretkPibtU9dgfs,2053.91,20539.1
8cioz74joWoroJVUD51YW26RRydQhS2sqNKcMzcjJqnM,9bYGPV2UYjqwsF8spSKazrRnahy21XxMePvT2y6m8w5e,2049.24,20492.4
5QJbvqHJAp7inJHAHxZCEDPCYv2YjnNts3ggDE3vHkLs,CkoywcgEeYVM6zuFG9Y761Cp1BVyVkBPAkqywmz4xkQm,2004.78,20047.8
9LpaZiDGztTgz1MNY3hzhgZA9h6P8rQxvLxh19w2xDX3,FiaZ4k2KBUFDcoqhEMkSahLDpYEKYiCUBUVEXPrMuBgR,2000,20000
B1BuP6JiZpQHJh5DkstACm6n9r7XegstuxJtFFkdPrqg,E1bn4zTug92v9HquzBP346nH1KqZD5sPLNc69NEtC5S6,2000,20000
3XPX7ZutyFa2UHhPrXJaBdRBBdscedV1fER6Fmgi3P8z,EHKBXBW38US7R4n2KVKMXxYfe4y2qWBiD5GQavUmTFK3,2000,20000
DMgbwK7Ges8jEYTJLy8QHxDkcQAWDVeaPuACTP44TZzJ,5G6Xjn818Wf4AEhYmPQufYj22JNDJbudwjpqPdLsVB7o,1984.48,19844.8
DSN3j1ykL3obAVNv7ZX49VsFCPe4LqzxHnmtLiPwY6xg,4dGCj9wyP4Hs6cHpon7PLjFHrDxjoFhjxuWwTG5ZcQuF,1975.26,19752.6
H9boApt2VkUH8Lrv9JeidCpRqBFrohAzHnV6pC149RJr,4ZxTbHZV1Ve2vmAqnJd7oFV8Puit3yEhA9dDxJ449thv,1953.71,19537.1
5pKi9vQzDMj6yLHr9sqYeyFoiftEmK51t4HMF5J691tm,48374Nm537FSpg5hb91JrKSqXNJSZkkz4nSr7UXyvsYU,1945.25,19452.5
BCtmwykNnYmGGqbHmf1rxiwkGdSrxrPeqySJs3gbF9iZ,LM9U1nGHas39v32h7YnKojcHdkU2CFg4ttpb8iXcPpy,1928.15,19281.5
HXLgK9ayvCDN2N1rF8HWcSEzskfUSJVeRYWjsZQHkG8V,D5jShuPAxxHhLpddv6wWcRzqbUhqeWnaujPvkhbauNVz,1920.74,19207.4
Ekmmd4bvuCbbtyTcrnx7VySFN8aKG5dQ6cR94a3K18Tz,59MhebTKiWdciwu5MFLFXqQL5YrraAQQKvca5ob46LPb,1910.44,19104.4
CdXAq8bGNPER8rML5BmPxp2Avz5DSFSAbCyxhjqP3X7q,DDVgymyt6HuhhRsGjBRsuNa7Lk5fFfGgu5kxjTrCnNmi,1897.25,18972.5
Fvc24zPZWHJBRbJRRHpofP6DjB6xmEqEor8ARFs5EU9Z,4d9hDm5M22MYnunCAAZMxZLnKkiy9rgHdFVvbnppAtdH,1889.41,18894.1
4n1KQ6oeDumdNZCdmWKQAVDaybbZ1JWPi6k3L45zu7gp,DH6MwdLN2gBXU3dUXQcPg9mgbPsBCdX7n95uD6ZsyWYn,1870.9,18709
7CrorTkXYbg3HgW1AjNP2qfjQ6Kg6fozNswxbjQSfijV,9SSS8TFQ8TUVFNXVq5AGjVoq3vbgNFqeibBTAtWrRz72,1866.2,18662
FKzMCAr93JWBWN3r33AXajHRcQcjXSAAZWyCLZQbRApc,6nT1tKhckUykhMkTK5tW7EbBsaYxW7N6ykmKgKs9Fy5r,1852.01,18520.1
TssFBc3xD3Tku2t7vkZiRfTceqYthwvZjei869q2Gnp,QF3EmanyJ1Zg5JAbDBHKMEjShgBJ8ZwzURBgbrL1pLS,1837.65,18376.5
6ayWy3eoNPFqqv6ihhgbmoEkBXrHhHZyxPMajtCnehPB,EsuTfABC9hTN4NPdmqg9zeVhq7yNE2oXLe1FgmbRHeUd,1826.36,18263.6
CmhB4wnBdLurui5rw1PtstipyophuVArr49J9FmWba6n,38wEBHve7y4W3vFcD5MNXrsnEX8vFqwD6qQDaxmAHjbQ,1810.17,18101.7
DPshUakyuBjZysWp7JP4ujoWrU4FMYy4iqo5mebBhSYc,DpcETQtawVUmPBK1zhudScXDf2pRnq8jRPSZJFgERVpH,1798.46,17984.6
28CxzEWxXay8WEmxivjRX9CqZDPYaf1NS9a4Y4ukkWsY,6pSKGnfsnBAvbr6gQEwpW4BV6v3EEZRuDDxHja22jZu5,1781.97,17819.7
Dh7HPERYs4vbJJKPx37rDwyuVBf9K9oRHruUHrugkx5Y,kb8vBEvnYoL76P1LziaGixDYtj7zZyD859vcaRPZEry,1781.8,17818
Dr6auNRmJDufP5TFPuBydjxeMq3FB37AUk4visZWNJmf,5cjC3mA95NAzVScptvTj5Abmes8B77BwmHPAdhFyovdx,1781.15,17811.5
G5aYrZ8YUgwJAuVYd5vwRtuNujF1wChaK3yVDTZJ3sSp,DDkibJ5x2VpbF7mwhYAwiTvD9APABuUDGfpZPDxuvhgc,1777.69,17776.9
4qrFy5kg5nxYrmicRmzxdfJ1yFF4jnrgsnh9JUhFuRkm,ESugTX7oN3GEHLtEsKXJ4B4Jwa1hkPN8CJQPtnQZTYnf,1770.9,17709
HZkjyNLKHiR6pLR3kNpPm7AWepR8rZfHfeBy4J3y2z9L,31Jay1fbWsPEXfCz7quiWtGDhoG8FyikQ8ULdbCtoVGh,1730.83,17308.3
2Rw2hVhceR2KdqbvcG3GCeWeDrw1gf9tJKFVSQ1ZVfJk,BZdFMt6LRg16mPzKVCcciuf16A1bCPPMAwSX3GjtZaiD,1727.1,17271
59FWjMAbJoicrseqLzLZP4bM4ipV7NcMrLG3FMjwvEh4,52FwSK8EurNF7fQ1P3SJgqBTDSzwkctU1ciCnePybowr,1723.87,17238.7
BCRTaRxqiFchBmmyXAt12gX3aHZ8C6bBysXBAib7Y3JK,9UchiyLaLGzdMonm1NS34ucritroV3nRAGWC14z9wfws,1700,17000
7zRtbTeWnVtTBXMtW9gEkxLfZvPxUKEbYGsjGQtTdK2b,8TZHamMRq6mtYyj11aUxgZFhY7xSEci8Fz9f1LAQTKgs,1659.41,16594.1
4ksnUQozeNACkRd6cRtZAKccExA7qVyS3bNLRc8jXSMr,BKvcYAtmWsE816jX6mhjiXjB9SJ2g8k3ankxd3o3zws6,1618.62,16186.2
52LxGmzaoU8poPxyYXPvwjJJJYVL6iq9SB7UK1CVqZi,EafUPpnuew5NEnRvqh2XxFABJuu9edMYAzwn3BbW15s2,1617.8,16178
5E6JB5mYmb7tS3bvf3izv5JCBcMfYgtZtVnhfxGdfwQe,DqCqi8mczYyT7i24xNUCzHuiqLmyNij2obHoqwXGzWRu,1600.73,16007.3
Hf6fb6bgYwRZAVyESwv6QeVdnEJYX9rjd9A1WphUB29p,GZbKWDFCLxmMoHRv2nrgrnoWmZhy1tiJAY48h3FxgfbP,1541.73,15417.3
DqSZ5yNLVPs39hXKr8S5c6HKY8tXzPTmTJiXoWBP7GhN,Eh2XJh5xsdGDZjYWdWfponAXEsGMD8DXZVaKq6XrvDLA,1516.05,15160.5
6MQPkQAu9dANAJujD8f62q3MTsLDVh7JuymoG2wgBjs6,AQiSkua4zEVPZM1SJSd46GEm7RjKHoGBngyHNj1fE61S,1504.52,15045.2
2JFEYur8cVdn92vXpfXbXwjJVASfFGsBv1dKL5416y2C,FDLUGEB2avxD94fuiKCZgFSUSFjrdPB6yRJ6Pvxm3RmM,1478.34,14783.4
HRrJtUupTqcfv8VMwbsk58qe4TWtbUjiqBjCCMMr8Mm4,xpzk1jfCtBHm1HcPNWRUYK1KQEVoQbjQ3PKxBxGhnDY,1474.82,14748.2
7o2rDPvudDTU9Yq3miEMw4m99uZmePWmBXPWCTaNSpJZ,2MXYTbA2DLuPxW7vWLxQ35TFyY6srBEYTxDmko7KSTZv,1470.14,14701.4
3FD6ndcPXzeUfmCRdsgYebnDwRLA1cSL4EN1uC5KX5Ja,EmPz1DwLe4ntXVorzueAfZ5aDRF5LLoWwgrVqGUa6jkh,1462.17,14621.7
AUkWzoo2zr4YFNypZBhjwJm2QrDEwVw9reaPZjYjPFUA,64tQA9PYmYoa6vYWEE7zwYBBWXfpzFYv1vkg64Hn3oCD,1444.67,14446.7
ZG98FUCjb8mJ824Gbs6RsgVmr1FhXb2oNiJHa2dwmPd,4mL6UVMf76azEJNRkwdcw2p4iNpAoEuxGH7GX1MWKiVg,1441.77,14417.7
pA9fzrm9VjJqV7L6PPRqUyRNhHM9iQWiY9xwnvV5S5h,EEaK5qQ9mCsrVSWRysFGgZRgUDZyE6TmYSk3gKcCqwaN,1439.85,14398.5
APP9213vXKJggt1CigMCgtp6kNFvsgDMxHyVKY4uVcB3,GqrvEz4m4rRR1dXr6bRrzC5KvejnhQNG9vUSvccCcPx,1438.5,14385
CcnW22pe6yPybns8h11Y8qkY2GgPFBJGGbDS4yhWgac,7LdA59R4ucomSmWWWu1pHFsCW1j1QaS216jptRMvNste,1437.31,14373.1
8MibS2yCWvXr95RUbp19Mzt6QoNsrGnv8u7n5pM7PZoG,DbVAVMuwnPQHoNaX8yiEJBLjjDquoaw5N5b19CLquuVc,1393.23,13932.3
FS2KJNpSAXvfEWjKV9c2485TL4uP4kJLXTYNrumvgCLv,9oS4HFfs3aoiG5ScbvNJa53p2Lxr2dTv4dK3cj4zWK1n,1359.76,13597.6
CgZDZyH7XYoFGvJSU8GCHTkNAoEq7Tpykx5oSrgaRfHw,8BFtcT665GybzTmCGYw3jyWux53NS6AVW9z3vuW1MSDG,1353.35,13533.5
tbGT6d3v5Bc77hxci4TvyYiPzfheBVHxTKCHZFQEoQM,CXxZVS1WDsVnjpPnw9nGbuhaXeCdna2byJpkjnghtx4Q,1344.03,13440.3
3LuriVoijrSqL3HnEpkKjGowJSwbTV5nEc68QS3C1CwE,E6bBaCrh3Zzm9cM2xhWriNMNo1GTk2ACSxH5bJV4qEUb,1320.56,13205.6
DQUgjRQPivivPo71SJuyMVJCjzA2ZbcxgLGSFHQWhMLs,FmSYNSju8JriZXfZePqvtciyBLSCgq7WeWJiSnxDVhq2,1293.85,12938.5
52RkYtrK4k5M8U7eAgMALykHADmiuHJEvakmRTfRksM4,33HwNNKJbwPHJbjW9TCdkrEFLRubQQxvj2Mgbtb9nhdH,1272.67,12726.7
2iuqsjZPmZgpmDpJatxXpgQya4cXh8x16GEwkG2Z3vHa,HUD5ZiFdpDjDh6uiu6emqJQCuUeJXVafpvg72CBjJnuz,1272.36,12723.6
EDcXeJQ4enEj7r4RhtV6UH4i1wPcBhDUv44e2yeJA53a,4pj7qUiXCXhyPftMTyoKUumeMyWJCfbaJUj7eJ4mq2rJ,1268.45,12684.5
GFKUTSt6jZhaSAz8oQdfrCYCYK5UhmgyNxBZsCUSpB1v,86DsTVN5ZB7bUpS6dNerT7ufL3CnxjET8QBkfBLtK4g9,1255.51,12555.1
93cMAep9kJMVcCKKzfRWbandwgLRybv4qXH5ybzX4LVj,DekC8cVzfeLP3uTiPDvs4tDuteh6PfWdd7daJPUjg5q4,1223.55,12235.5
B5DMxoUcmfPHSs38vrdEAXTfgHeBtnD9KqMjJGidcgFY,55Ehi1C11EBkK4V8KRB3ok3B81b7475CPFSaagiNa6Bx,1206.57,12065.7
4hwdbbwNCF8AN6x2VxWWpCXPxYBnCXw6xKtx8q8826h4,6LAWrzmBhdYnrFypUPATTcRSAw7GEs6ph7QgKkNExpwK,1201.07,12010.7
ErFTzuBhz3to671kkKHYLmRYhdxgJGuegsr3Xao9AzbH,9wv8giweLPwuS2dgfoXS3g2E2Fz8tzUdMMSuaPbxWUWA,1183.1,11831
9v7bLUJPjfM8N1Agbu6dwMHAZokVioDRKPgXjbJwGmXX,GwhJUQiKtf9MWnukHAYcMPRkm5Hhkeprb1VE8gM3Piw4,1179.98,11799.8
7M3pTU5xuxTngLcUFpPDNhvX3sjqyBYLUpiVHeePYcKt,2269H8umcMKtx6o6uqXq3CmX11rW3ZZbBFunaqSXS8Xi,1171.78,11717.8
8o9fS9WdSYx7HRVUDsk4XuopAKuJ1H9koyD4smZutWiW,HcrEfjVJ9Sw8WEfoj7gRR2Vc59hxYHrH6fXtpKKxwhUQ,1149.37,11493.7
8DBmCGfE2qRYVHTd1oei3R3uprdz3M6WdjbJCCWCuwRz,GJdRto5vtxhg9VFEwugk2z21QQriDsKuizJShLf2pCZT,1126.79,11267.9
EowawfMvDp4kAc8Gmg9wQzprhC8n5jbVku5HgMxp2ZMw,Cjz6xF7fr7Rd7phPHTKJyTfAqTX7YrigxAQmtQi16rBr,1111.11,11111.1
HnwhYPhMXmKpXJzvi1RHveRxxp9uyHwuLhoKtLhbNfXZ,keUqrescmfcy3ZFs7G2AZ3NSjPBUWjcW5QjU8am7fPr,1095.11,10951.1
6HxVK5tDoEn6hLsjHkJDMJfVA9JZ5M6wyPbkoq9TStsa,E5poyz46LaxGk4ywgf3tpAyKa6AhJzLM8Qg2po4UhUoX,1072.32,10723.2
EeFQtqFQchdxdA3YSGND7aAMg2rV1jeuZeNWewWvBvEK,FFXuhDqXVBCe2KzhobXd5JgA2HYi1JvJ1eyZaJHbqSQc,1071.21,10712.1
5cDMsJrU49xi352yLFdt6VBZB39t6eqB1zoZJfyjdvmt,92a9UQeeedQDikF3mopZKEL4D36UGd8rf4vAauauJ3d8,1068.56,10685.6
BL7trtdSS2vyRnXccW8HNFttZaZB34wM8yKx7vjW34m9,9QRMyFkG5KRs9oApoRxbjFZ7HfrVjc4J1gMSTTXmTZaV,1056.63,10566.3
6RVDRpiaZW2Va9E2iR4Zao37qErgGD8TEpdoa8Anq1bM,AGg9CLxYs31aBYYZYCx899F9DDE7wzFSw7Ugfv8qkJu3,1053.84,10538.4
DHQ4KUAmRsouuurFE3nQzPjF4D21whD87e63GfsDnfne,WnkDrokMiv2awUy8S86XZqMdDGEBBUVEMXQgoKiDR7Y,1046.25,10462.5
H4N2f6obVafG2ce3jHFtcU1aekawwNL5o4ryG8n1Ypam,38kpHLgTh4P8SBk6B8fpUihRn5e5FdaFC7AqDwauGanb,1037.42,10374.2
CCTBBm8vmBcgZrJsaRScJhWJMSCb9sJ23wbRKvMrLDdt,8GU5dgNHNrkAMThAiSQhWzvS7vZAHsKAt9BFdoRfuJEi,1013.9,10139
D4hs93P4sVnZKp8F2THygwu5kKmzriL48uCdLnBPkPf5,8YitaH9w6EgmC1Gytar7QUfMzeb5X8fLSTYz71XrhEad,1010.56,10105.6
2frNvxdqZgkWuu5rqWyxQvP3wycoytA642Pwz3JZWz67,ERHrjwZkWSRLZdHhCzqnJs95K21hz9dk533tFUQnHk72,1008,10080
ETJCeXrFhceF9g6NCpUK82gnSfZpc9eHfrxoVqLMVbQV,BJERvEJjviSCFCXthWMMmHhJjBEaoBhxZyzCB98Cz9rq,1007.05,10070.5
AjJRU12cUS44uMPDsxSULB7XkZveekAdPhRGNADy84hk,3Sx5DS3E1MmRSQUdYBihMV7iwb7sos8tKa1z363DuQ5w,1004.8,10048
DwPEGXbKavsykzBbfMqbi5pzxexJxNQVVGZgyFYoAtDe,22WAnkc85SR3vS8xbs7hUbQpJUBcxBQ85ueAasadHkMA,1000.52,10005.2
2km17hch1AWjnf53PGr4xy4Hs5FtAsiQEA9sMFHwwU9v,9zoWDKABY6525K2GkHbqC1jv1SXn6QUwsppPu12J1rdF,1000,10000
E9H6uF74xMxJjWm5Yq1VhGRD2SH5v5UVHaovta8CbJmi,3B6uo4aUBLJ8giLteSyGwNyDyeSYPLUEHd2Wrs9W7B6q,1000,10000
BQRGbHEXq5q687rB89nRczifbHEYegufkxiwBSgMsn9f,E7K57YJbLWRPCgFinkRpYCy2vBHpFt1qsd64ZRFRB9Ax,1000,10000
7te42MT7xpRaRse5w4MrPxYwo6tMmF9TwnZW7VpSRhVH,96p2b7wbNuum3jm3EJTWrHpw5S4c88WcJzJuZeyxp1PS,1000,10000
4Q8Z6LsVmFTb9YfqB47S5WgW8QUXeKi36FB2H8DRjxqC,FTJJe71Hhv1XPXMVzDHykAPQ1XaUfi7PxmWpHoTefNy7,1000,10000
77ry161KovcUhwfGnwXWsAo6BFt5xmz1TFf812fG4otW,DAxCpmoA5PAEfjRBJWRTox1Fie6v2HgmPeBSLLUNMoqg,1000,10000
HSjBmtoUnCv7zf9fe1ffHVr686wWsPMRojJ1kNGmVGfw,FjVQNCT6MWac3XCnaFhFSib4rK7FBhkPYbRy7vB98jsw,1000,10000
6WDWyNRxvD2jCz1EkWcQG76AjkqTXpGmS2NpGpatfh24,2somAyurWbU5NQctXg5ThR9aqcZwmfQ2nUGagqUBHFbv,1000,10000
HS4n8WXShonP7CPwJs3d3hskvwhEUS9BqNkfeuEjkpzJ,4gRReH8J2nbVecQmzKYc9xHGaDzXoGjYbZB4JGv2JYE6,994.27,9942.7
3euugGECR4qUkbdWwV42c2F9bAKyciGKXpHGPK8qoFck,DLgX2F7RkvQxUTDPySWZZ612jSFC2uPfZeLimzcrd3H2,993.16,9931.6
6P2hTRsMw5BJ6Ctw5qKhCgzwBaTASFTf2AZtHpJxAHMJ,9P8YG7wNY5txpCAPpHzDmwkezw752KCLWWabxwaFHFMr,989.06,9890.6
8zijF1FaudtfK3eLyWYk8VexVP1EZQzYj9mwDTbH9Vig,HXyPfZCQisaFcDGtB5ZBBFcA2PDGnWKZu8ft5jq3YXdn,978.68,9786.8
BWxcRYRnkc1kvLgbCNrkWjM3grJL6vc1AoDQdTnNiHwM,AWzCtiiDwzXScZ4U4nmbd2bLXmvaWRpim94A54Tz6ifS,974.66,9746.6
GP4ymCN1vH7dF7bDNrohibbskmGYxHMKeQXE5trhbbRv,6CSMgVXtp9z1YSLRZDf2QkgkDrsJbEW2Gwi89mzuhFaK,974.27,9742.7
5vnHCLY2eC2trRTYbooS4T4hcgLyoijmpvX4dmhKnM7W,6fZfBaaTt6hyt9qoqUoHGwEMQhe9TzFfqTNDMWDNV52e,971.64,9716.4
Cpa7PS4z6AU7rANuH34TLXtJVeFAncwbziRtuu534Mis,9ztgnW9PhMzc11gcFur7PjuPovXJSzy6S1EV244eg96A,947.18,9471.8
ALKehJWHbHT1tJRRmuBkDnJw91zGWFLJDpGqBzaU9soL,3ZM39vMpASNLGQQt7tnuyXsNEFmzHt5FKq4ByjRXErZ9,917.87,9178.7
FPMZSmQwRo28pPRjDQrQfawS6ryMKJRoRZ8QARRjUxqs,CENzi9ZK92bxJ2f2QQchPsaaZ2w4usUrubUN3HGSpj8R,905.72,9057.2
EushXPwiFYMtsDnztTJbFsHJ62kj9qNQs2Gt6LBRZkcN,FizEXuqFg27NyHwywYjon2WT3VmJsxQELB2ESexTLtaP,900.36,9003.6
62uZVR5Wtfh9idu41uCBQCUyFz8xwXvmUMkwLwxjSE4d,AoioAtxMSW5YppLQR32bzG7FByTiugHuzGbp2xAJa55Z,892.82,8928.2
84nyGW8Cz3Ne3ArCW1vgFXyfWmndR4NxYVTVKF6TWKv7,CzkrWu3kVpukjQ4J24kGByrTyH9rgzW8k6ZRXDT2DAnu,883.88,8838.8
6K4tYeWHCafShe1bHTABdbntBqnv5ieWd1NhZyCaHvxk,2pBzY1fbCsPdBUKipWajwAjiYCkK8tHg19J1AebUFiTa,874.36,8743.6
6swzXuKurWZRVJZhML4nnVECzKwVpL2jwwrhVfmQVbUD,6Knr8UUTZ1wW19qJJjFhrP6NQ6fxxxWomck9wzVcqFd1,873.32,8733.2
82icBRHMzZeRSDF4N6bSBoFpsmTuFHfphWGvrYeyj5TH,5LKyxbwFTZ6ZVGuKW5zmimYniV7JR8FyFcLjySpVzjN3,862.63,8626.3
CSSobJAr1Br6v211H2f9gm6ubeJPR19fprK2frWNYhJe,FpChhMemE3LLqAERLxRpRreHU6HVMHnFjF5qmzUquU7b,836.41,8364.1
2NkqCPPSaLP668wn5525K2gvSJ4iY21KACuTYQ8ZYpEW,Gnq4osdmDtuqFkAM9D4mK3FJj5gG7jNuV9FMuTAuz6D8,833.74,8337.4
EsYjn117SPnfH3vG1BSAu8dU7gSadwR71GipHsgry38Z,Rtc1hhhZWSMc9CgvLoC5UhBUpAkq37PEvDUr8J38wLB,832,8320
GpXfoEiT7fxMHz26JbBnSf5VTyZw97CwpdqtCqxANDoy,9gjd4mmhL1qDewqHc6NMnAfBL12MemjezWdGbsdFK5ng,827.13,8271.3
Aq9Fax7WGg5fEtyd7Qxj1DV4AticXtZV4jzYq9yzVrjf,Gx2zs9B3qBtMD3br93L56oXnoEE1nWXcEoyaNFBATLg7,822.79,8227.9
AaXztNnphqD5ZyLghqazrbHkKR4ERtuW9TXw6HWLvCVf,5QCYHcdyBNneYsTvVEfVWFfh6Fopw6A9wiF1fGbsdPYH,819.93,8199.3
2SxmsXNQqFPsHPNRhrwBwbTsvPjuV6qcCNXt3Pdb6JqE,38LyiVPCk5vhdhfw4TcvKyWWgxd3DAYovuM6PeqjvUSx,809.36,8093.6
6tcAbSXG5qLsHFHJeRkQG1FFSsuyjbLtKWSDKnFvc7yM,9Tyci3NojMC6AVxbpqCfSqb7LhMq7REgRfEQAhrR83Mz,804.33,8043.3
DnJsv7rCwGLWm9yhjNuDLWWTmFbsLY1DznTmMAvH6n33,BKvT5EzZM6yY9mTSVgKQALW9L7r6Pm18VCtFgyvqBQXP,797.17,7971.7
CCm7PYVNBWAtpEm2UujZMdsdSTDuYRGNP7SsScfgvk3X,9q1PXE5b3TNRZhdZVBv2NVH1UkRk5jmydbfwK16BN2bY,794.94,7949.4
FQvWtdrdTDhpiF4NWhFzjkeJDyASVNGsVP4Pm7z2WoA7,E7arb6DVn1XjWxsbCNRZju7KPMMnKPSKhLRrPbXbdVrc,790.47,7904.7
GrepcMhrMGjUCYB9DtoRLzJiw3HzigAZwBgbVTwTAFAC,4tY5L6j9weRwEg11oy6BZNMzCpyM3yZBNzke21He17kf,764.1,7641
C5JGcCCrS7p7ojVFYUCRbo4XdBZv14n9SKE5pmjG8NxN,3uQpbn6kfXnCBwmNdpoUJVxWVAoas3xKHxurR4XGvsoq,760.57,7605.7
4imivKQgnmd79dy67r8proGsQo98GvVoPH3nzJDnfcri,3pYM22Shk1KKDL4gNgEFR1SRSDTDBPRon4LeMA2cqQgf,751.92,7519.2
8f8e734PosegYs6pEjrKLWbp8CroWsQpf1L6dZdCTgmS,HiJm2baNp6hJ9Rc4FXmudMvHUg2t2VkCQL6SD8ocdPGy,744.03,7440.3
12Gnrf58YZmYnyBdaLHhvZAjWuKCpRJVtkTHNLZjfoBk,BJ2WEzSbRC2jim7EfwfmKLgrqHPdVWiwB6J18ceZvbyB,740.48,7404.8
H9B96zd3UXiNjt42WHZuBH7AnRnGJmE8r7CDJP1T5mNk,GfGsrnpFuKrffw3DYomMEzNeNck4QWDUTPHdFUKk5XdX,740.42,7404.2
9uHSrWQo6KDPKPAfJ3nJRzDfxrVkrejLtpW9zUwg4yH4,gDVCCqWvQnyyGJQyJgbvBEmKnYeZnpKVXgpfeMhSfpp,732.79,7327.9
AJfswuQnMNWxNi18Sy1Wgs9ZpxVMJXvhVcvVgidf3mYV,6g6mwG6MKdYxx8mdeCgSaTWtrx7UdEh6cBcUTCWRo3pY,732.5,7325
89mGrpdK6wb32b1WMh4UhDGhANCWUYti712LQig2KGRb,Hp8EZHPqcRjpwxbQKkp1XWd1WfaPvaaRkhUoUYmSArxj,710.24,7102.4
Awah32wodoJbnZif1B5xUg69UgC4DphV1w6cPYAsgKiW,HUzdWb3srAX3nkLRQf9TcFQe8TsmiXx6cKYnahNACr6Y,681.71,6817.1
9um5nZk2wdRdBKjeQqzYdwY2BiMCqBqL6yeN4kDByzR3,8jgiCPEx5tmXMyWWZVM579AfNBZfw1aQvfRLHPbv8dmo,670.48,6704.8
EnVz2T5QkE2LMxUyx1iWN74ZdGJX3sZ3jJ3xuPcznnx8,FPsKVoA8rV5nDANprgYXEn5mK7hN14fzpBE9CojWeMBr,670.48,6704.8
HiHZ6eGnVvbXX54P7vLcsiAZEp9UzrSx9k4RijB8DMJg,3X2HmwuG1SfSyNJ11CrA3E6SXqSQrvJCU4NrWZzpZZRk,654.92,6549.2
DkoMA7Fg2tLHoJxrtS49YSnZDpZaotc6mfSBdBFBe1xE,AzPCUcp2sNjsmSp8ra4YcQBaXBhdGTxff6QcFdtuYzPz,648.53,6485.3
3dhbozic4riN1Qf1HRuJuCHFtGhJcWF4yytYEjLNwLGs,FBdBnoFzj5aLgyMHk3ZpdqvgoG2zYEgpytndF4h3nTFP,647.14,6471.4
7cf38mVSxzW3BDyT3KR1kJp5iyscPMa5fY1a47LcnMyg,2FkByc6SQva8MpZBbW6DdipH8YBhH4PnrpstP7wDucDp,639.17,6391.7
8HMunfAw5XEwnbKdnP7F33GN9A37Jm7JMgxC5drT8HTr,2NTdsqePu8G1icPHHAcdMErzj9nJSEXTVbRBXK9Dk5VP,625.13,6251.3
DukqnDnkCbSMZmub9H8hNdpGjPc3Fv4Med2YeC4NHCsD,3VgXTG51mGLrZrLKCJicmXTZc5biTQ1RS8a3Qs7btf4u,591.12,5911.2
3yJWYX5tRsbZPt4rbpQXNQSQHU4RyUyqy8T3YZHUQtuM,B83iKdpLuiRL8kJ1yhMmG2YZdFAMzrjknQBMz8o5Ca3v,556.09,5560.9
6WocxCHotUGNTUwx9szALGko5WYmu1xdRQjDSsur2qPj,HJgefe9k71ba2NrpKo6uzLkCZJGyb5kG7iAC94aoKcXN,550.97,5509.7
BZK6z5uXbAiEi2ytrEQuL7Eq6ZGxV9DzkTEshM2gEsy5,61k2DGom1yjcKgNRyNE6vVLcUMkwxvodLJ9ioLMg23wp,536.94,5369.4
HWdHW5t26GpQ1LwEt8sz76QGmYKjFt7xDZKit8UZ4qwh,9Y97okhnimrt1DUDEAdnDBFekCdLqwf1BWCTy2XxnRi5,534.53,5345.3
8bZBeqrh5tL4G4SiANs8xpDxmdny3ZR6mHj2Wr7bYWkq,2yEPZGmkGZSUgjdAzQjr5iy8q567cDw3RcQ9tBELnJKE,525.39,5253.9
CJqfUCx8jvQ1DCvEMpaZVayrW5XhwAsp73mXXmJ6ia4J,GyCz7uKhsZ3BscktsUTvuYb4jrHioEwu7wq4zP9hgdBf,516.25,5162.5
CLDcjPHt7ojfBF8qWsKCXWBy6S9gCtDhHzw6ej3eagc3,EsJMGLZm3bfACbyjJW6YFxUfLJ5qfg3XoVuuapvZmtN8,504.82,5048.2
7hpuAyitvRv18wTwYXiw378njHP8xrzt5JkZq9kxE3z9,XfNcKJJW3BvSSb262xNeV8xWkb2ipD4ouGsVZP29b9o,501.59,5015.9
wNXSQoEYmjoR4cuaEecE5twboy2AuM7Xve4wKf4LfE2,7NMuhzpBtmc22W9otMADFq6yAWyQAqgjaG3nzsfp8e6h,500,5000
HhrFF5kRQzHAjZmqQQPnEyC15H1wU5HDGwEwMUSmgHSS,9AJDbAoPCRJrwRhdG54dvNTdqRnJTf7HinpikNtfySWe,498.22,4982.2
9o9hvSpH49PtMLfhEsL2WfqY9w9CUKAeBUh5FVVLTdRg,99hpqxevM5uJToVnLk8c9bHPq8TwKPA6A8kjV7AzebHR,494.05,4940.5
JB7dMJWBEwevc4VCkE2WPZBPf8aiaU6aAGHc4ru3HWVu,AtzeLmHDbyqTHeaQTpXoCrSBHWehWB4ERCxYaA118f9v,492.71,4927.1
AsxCdz6ThTvARwZsu4gqrzqriWngc9ZU66tFokE1qYzm,3DEuQL45cYRJHMv7tpmtgjHL8ZnEcgLqCe9FhxPrUyvp,488.33,4883.3
8YN9eEjfe7QTnoRkM47tDkPgTH6qvRFfdULuwdC6b8eN,6E6EPNiZcBrm4LNquxf77sbGUUDBqRSA4TEstgUHRBMD,488.12,4881.2
BBmLknxf4PWdrdQmm1q7SvnW2cfu2UWvNVNmoeUCFN5H,4jdEsgfce8b1rnp3bgVYqgLNS48n5C8tYq1GGrhdwVsh,474.74,4747.4
27T29RUCZUzBd3eYijnGaJaFxmh1tV6psasAb7BFxYpU,3NHue3aUbAf1E9NgHbDR9Qh8CM8fPfGrTGkUhvJTkqvL,466.97,4669.7
55UiKAMgLwutaiWUyqzVuMGpdE4WWqyc3ofUmMUp3zBr,B6UU7emuZdHGmBe7kjMMK8Wi23ptfEjN6TqXMhnkVQs2,465.16,4651.6
DATafsbMi9qqC5uceeFH8rv52sZcHMACohNxenHhdvuB,2F9GvhuswAddypb4ktLukPKifmamyzBvoAgoxmCfCVQn,448.63,4486.3
5MuHhvzqP1jtiHFG9EdjVxFfNJkixEaMxrEPK9yDCg6E,2jNWt2kyonTquc5j2qPqARfkz6UZc7c4KvmPsJaG435N,446.67,4466.7
E2vDnVwzKAZKwm5fgTPKuPxr1Sgefz9u692BtEimf6hg,DNzRj2DnJKWGKqNLtdEbGdYBLapzvib5sXjqFyjS76ay,422.63,4226.3
59dmgWCLqs53dNtZmFrD1HN2K2wvbyoy9ytv7kUPh7R3,FsfcinozHF82vjCvuay57QaR2HujkHm7quk4JMGhE6DL,413.35,4133.5
4usyc3ZFUpcqnj4xZJxuHsVFTKhN7AkCgnngVCcWKFNA,2aF46mc5LRVaunLFy2nWVMMWbxDgG5GYuq5C5LJ2yhrJ,407.42,4074.2
9hJgp1WTLNodAZtQeLdRbNN8fioJJjUKbSj2nqbS5wXt,AXNG6rfuByko61fU2bCPX6krgVxkWeLcpwh1Dm4zpg3t,400,4000
Bjg82pf5KhQMSLkFYCMH7fEi1ZtDUMPEFzr8P1qKX9Ra,9JdfEjJEmQ8bbrqd1PYkWbkrBbWTmeV9F2A87hPGFHgQ,387.21,3872.1
AxDRwb2cUP3s9aCfvSYHRNSTbmReB8oUCRwwHNd8CNUV,ANEGLi2nW3mREKWaWnYWDzUV3uy5jevMGiSZV8rUq5a9,384.79,3847.9
61kGc9QwtXibjwSAMhL2dJgAWEazsFEzt4pYxQ6diEYN,3LeaYAsCZyBXD7dfzCk7QFJSnp4siVnqoQ6UXpoD7FPX,381.6,3816
2CgpFFqd1AXucFw6z86i5YLdcF12tfhqYWviAxZHVQfj,EAjmS7JnBZnDX1t1vtBbMRLhj4qVxF1f6Bknxv6aGNsE,379.06,3790.6
AicdasqpgzPty7KndzXgfxF7LMAJ3mhtq9tE8hnwW4tU,3aZFRKm82CuXjJ9ENxiYmywrBhAQnTwxtUQC4Kqv8Z7N,374.64,3746.4
4K4P868jzfKoPYGevsEczLhprBqraNtHQ6nMChRskQVs,EkuAH89CipntrbaqvcEkhL7BQMi8oPKGEURCnh8L3VHb,374.57,3745.7
5EzAp6x3NdMLLfh2Kw2bSeQez2M9JFo5zPzZ24qS2w2a,4TNDq8spTFDiHxVFTzBP97XNzBdkcpmACJw4ZvJoDr1v,373.61,3736.1
8ycoXrXARU1u8WfdwBD4DcsRdi2pwLucGcdwHaSfLjGM,2asuGNK5R1pqhVvMikDrvk1ox274ucCJaKjxNGNxUUxB,371.18,3711.8
2koe9ZiVbx15v9CX8oVcC7zQFuvZK8u2USeagR1YgNUM,mKZGf5QS7vziKADzBmmNqFPzWo531s8xZXmwDzmviWU,368.96,3689.6
2jXMMQq6wWKZovmXQ11gAkCMHZRHik6qBT3Wc6bwfmbb,FejX4hQnhuphABbJgVxnt4rCo2VBkNzbZqGb1Lsbe67t,368.76,3687.6
B7BQSiNffPEyt9XVNYKwkZY9HrgmKXqr9tmHzzPBMdbH,AgsYNfcm1W7xJ2FQmjUanHzdXXPt8WiBSiaEw319YUqF,368.76,3687.6
8p6YrPQTjVSCE8fS9PNZSm2Z3yZDdjH3ofBix1XSLfhu,5vgS28rVE9rXEC9EXvu9i5dYf6okiUZmVNCMJMsa833t,366.47,3664.7
D9J4bKs9L5riya5TUrtftggPhQ4Y7q3MRUe7mXLbCHC8,GqRdHJfSxG1PVD6JSLnF9ZNWT3hJNDW4hsFwZgNSFCvT,355.58,3555.8
8iWJCaKkq45hCvmpaZd4vK1KK51XDivnSWaZEiTy3wX6,DNqMJB9wybp8CEUkMWxXUE9dCrfKj8fJg2iVVwZhX7Mj,353.44,3534.4
DwEBxxPTeKgDpYFHEMAUNHGd65yCseVvtXZtgDp1Vk9e,4zyFBV35ax1VyTAbSJWKP6LuYLt3FK9p4DayuGzBFRjY,348.3,3483
2jJZv2pJvqvgM44ivXuef9MGo7FahRhCGetLGwcj98Hc,6ffxyksMcQ9aEooP6xCEneF5tnUHubzcvKM8MhoEX2s1,347.03,3470.3
9Q1SvKRepWpETWQ2Uo1HfNedq5jG2EiF1huNtYzFD1Dz,6jdW794AwHM3zSN8RKRoRiiE6HCUGyvPV5JgghSQLNZc,338,3380
H8zQBcBYf6W3qDyn6SqvrCHR732XP2Tg1t1L5Q8mCkgC,6AXMpWcZRnhsCghkmhVNnupzoVHA9jL3adE1UCePbVW3,331.73,3317.3
8gnAPqbQ4fwM5AQZcMwC1VNimT5Q1FYuBLqK5kEFNu2G,3wGtE8phHsW2zi53gEvVYhk351to5jGkJSYs5TSv4kT5,330.79,3307.9
7QdaS5mBzsAW6pmwYhAhqgYz4Q4dgLfokqxXV3Vz4fhE,MwH9Baveae4FrJmphn9N7tssXDEN9B7u1iZzegscJyJ,330.03,3300.3
waRgaX457njpnGT9Q4mbRKaHCSeYvpebxLJWwMgTxTX,5b6k9EXcswcGkdgjkzysHQuAkTyJWkxeziTrcq7YtZHE,329.66,3296.6
8xrZudozUbhsGicKzeXsJVnafF2M867LUUNujZutNABz,HpCtXfgCQUwF1WQJU7dSiokTUr78uaekMK75gBEu9cPD,320.73,3207.3
48ccfLdD95cQRtubc3BnEvPHRxGcir51m5cyFmKdcTxT,4WoUGUmM3p72Km1NJ2t2YiZGw5auRCfPNJdWraW9WM36,319.99,3199.9
BVXTMFBijSKKDyQm5W4ZTt1JLMdknpUghXq7JoUCZcXb,2429kYaz1VzNheg8Fhg3izaLd4u9f88Hmr76aXVEyd9c,317.49,3174.9
Hw62CmHz22ZYZLJUmPXcYkMsaWg5iFcrPeRBTbsbsKQW,FrCp7o17EgywWUExju7jKLTYouAhHikzoLQTcAsxUrQy,313.89,3138.9
7sNfiAq8d9GAFePQxx695GB3jnrJ2zDcMmiBkjY2mifH,27ihyKgYnZRFAf6xzE4MtAbxthHVNdGd3W1ry4AEx66r,311.68,3116.8
DGvgsMLzW75copdUWebKLL7mU4yCVwTRWYDkvZnhsKCV,3Qb65eg4phPStbWYxr1F9Nz4Ld9LRTSrz5vXBDKTFv1H,310.94,3109.4
Bs87L7dZcJd3DifjJaf1YmYHr1Bu9uoc5VcGczHXS4Xa,3eFS44niUVN1q1VPbX9PezHBGtgYpB36VEqrW7nkb7K5,310.54,3105.4
4pZmVTk484imo4jHHBfPrp2f2Gfk1YtightGVPCvXZJS,DhzUMGoYNLNjqA8kegAVfYopMdSgVsL7imVdKy5CpPip,305.88,3058.8
EtwAEYUakQfMXTeKncJHEGP2PnVtC3rWV71kqvh1x8xX,cukU5qLfukNPx1o4WByNPJF5a8peNX8LtWKucPihF8S,300.4,3004
HhjxArbdygvDhhC6tf6Pu4zYpxbRyZyJoukY7Hr8qU5S,3kehbmSMn95hyVJJsPG21tX27CYfNkjM9RPjFdrb6vN5,299.05,2990.5
EEwp2o86LJpptBSR9Wis6kBpiU7p7z3xpYUy1oSwLoNS,FL1fWMN7fSfhbczySuk8zHPeJxLxsewLU85BJPdWY94B,296.77,2967.7
2D8uC77VLKY1TkvC3aAu31WXjJunPHZuW8CvsLwPQjNS,mRBSY3383apTobRsTo9pBoMtDmAFZ7t9R6eWmjegcPf,291.56,2915.6
EpNaeHbmFUpnJ3ApFLb6SzX3Fg8jCp1Ecxr6m7vAfmTZ,59so58iF5uZ67dBS37VAodZyceXpoXWtk4UsfZUVdGi6,290.34,2903.4
AoLyaDdQJPJU3YzpFePwjH5xwX4UX1oatKA9YNxU1XxV,5SXP3QieHRCBMKQ8dhXDrNALxnSAAWmePEBbPGwReVjG,289.89,2898.9
6WbhuxwgziJ9xwkK7xSQuqQbCviyhNfuFafReFFS3kax,81Gs8TRu9GTCxCSAoyu85PuPb9vQT5dHmrK35T7YaijD,285.75,2857.5
H8qHxmEqHo6FoUvNZ7h1Nh16QCBSpcHEByw19bc6KWuX,DxTfJiXbeVq2KHU7oHfHttt2VbL1yP6opUcb2LkQoufS,283.55,2835.5
4N37b9tWfipuuJq3hj57KNBx6PWvYSDJziXket14pZQg,8Jo57TToQbyddUpLXHZfdgb9hQGAt2D7h22KxT3Yo3ug,282.5,2825
51eEH4yUGsYbrm2WM8dZzXGuXQyaZZd4JJq6hmV7ndb3,2mk9NmKYUEi1UiyMiW1ECyDzjdFm5wSME2bq7Qe6EmoY,273.78,2737.8
7x59ZN6eX3ceHCbfH8AT4K23f2y72mMsjhkfdebKnMh1,8TJgBQxBWZV67p5NcRby3j4kA61bTcop9E3kwxetcm9s,263.3,2633
7LeDnT1ZxCtNWQeAnc3gEk2vQy8wdNcYR1G5QrBNyciN,D2jSTPwG8aTxdcCYr5BnLxtxwR3waUkCtPXoKaWiQv2y,257.61,2576.1
DDkTJ2SMcMSmL4Ye9cVLaDFS2cdBvE8g3NffL6AToVAc,4VFLQkiBZUdJDpgHfSA8neteSQWC3pKZCGtD9kU9UJaq,250.48,2504.8
GiSeRwvJGBeGor3zQdiEh9KAfJzF6fnnNLDGcWkujn21,2hkzjJ2JdWLpgF8FZEEmeSyQ6EA2SV3RFKEgdS5hPahB,248.55,2485.5
2q5JdBrFC1aEfxpzmW7FkZnoJNKGug5CB6SZMgvQSGCd,DoefULJNnoRbwBJ4vHdgXT8HxJ37GaenCypgXUojETNh,244.32,2443.2
VYL4wNA2YP2uJCPh6iQpmkfrqVg5qUqEC3j2ha5p77P,E8w9LjdEK6XSz8s3qAN7E1M2YryTrWgmhjeDTcD6ZTjp,236.32,2363.2
GGgUJX5Ckvxg7mw1pB3jXEphg2w3Ndt5x731Vrjk9FkC,7FtvwdpGFo7dSfNdXwezsoEk68nt7efVnYQ3YQpd4WSm,235.55,2355.5
4DuKwo8nsmiJHufGxhGdQXC4jqxkGuSpyvAwmiqo6nE6,mbvk7nHmuqSRK2BdreRS4vgBtjzSzyukvYJgRYeFWkk,234.67,2346.7
GC4gmMCdnyGGBzvw9196d2BVEN8kUt8QWXpTNtUHfqvA,ABijRJ5A1pZptX1SDXLmoJQxcdzDwXr7aC8MXQmBaZAv,229.16,2291.6
3Kky9fZKs97TT1meL2TDTmcjhjDvFREpYZUEw1zcRtDv,FD2DLms6v7a217K7kmBHowSc1XCzpmbjttMz6cSQsu5a,225.64,2256.4
C5mzZHcQymqZr4V823Mz6oRJT7cknEUTh94aBgKfzZqn,FRMEydT6F2ieHhjmknDNGyqxXbgFqXicsU11Ch7DSr2b,223.85,2238.5
AvPcLd6Yy84SnEcH67HcRH5VZwNEXjHwrnEEArjUv73Z,As9HNBexjyQHdBcictdwuxYBpLkzQD1XihoLyj1Wda5F,213.53,2135.3
AsnhfF1Nfhnq8P1KQbxkk4WC6JQ7BUzAQLXDmXTK8NVu,3gyHVLVpzDRNs2wadLPgArR1yJVBFBtuCnAmJRknCuuQ,211.3,2113
HzZPpJLfpsGfypnSsRvDHq8gviv53HvjsjzuZfkQSLRc,D9zEGgx5b1DsTVirwrjJoWyUWy1h1goxJvCC4nqcgFd,201.12,2011.2
HkSZ8iJxCTT8CaLJcgCCzhuWfYwVGPY8gVyKYJKjFRAP,BG4Tbubne3bJr46RJdQdjWz2fwBZA3zxmoYt5uw3NxHL,200,2000
Huk441mzFhH1VkB4sL92ffC8tYqrb3g3bHi8u65gJTUR,2mEuiKgw1nyyYo4brTSFy7vSfrDrDQdduBD2uFGTV9tk,196.27,1962.7
36qLhd6wUZHcuG7oEQa7XUM21u28QyhxjRp1EcosYWSW,4btctgnu5V8Ci2gZmfbqhUHu8Ke2ziCPuAUH9qR5CDjt,181.22,1812.2
6x3jRFeFobndn58VKaQYHq5HWG4Dq7k833Tk9TPgr3B,GHK9LxJtLoHwBMeBqpg7Nv73YqkZx3zdM2o2NdrQMjBw,167.62,1676.2
84HZuvz3d4QwgxLfVR2AcMj444TuBf3ceoAKFfmoRkSy,9rEFqbGQSZpbwsiB8rHNXpNjg9tuWgQE7LoK3vQnbadK,165.16,1651.6
LLxxAYMKPSpzQU9jDo1615kckZfu5Xu2ygYtJyknK1H,4Qa72qLAHgdiCFYa71ciKnNcUkPqC2jTChjHzdLAM1Nq,164.13,1641.3
EHF49KaKTuyYHhSZkWLFmN6jHNdumKKAXwNsMqXFSp38,ELayGD8hASUEvH4jhe8mYAa27fuvvLQbYVhGbq41wVP8,154.94,1549.4
7g7PUwttBA5jqq9DtFJ9L5BS55pMZHb9fyFMzEonGwzA,DVkMsxHnU8PnWwvnBWqVDj2uUbbzgN7MD22wyy7ZJPMm,153.02,1530.2
4DzrkgQVfdgbCvMze8fUin4b9Y7DKy51c2zr63JVDp7q,3uH9JZDWWjpCgS8jxYLGTGWLfykad1gkzi7ZTxiyEqNe,151.95,1519.5
3FF3nJF1gCgTqFTa5Xf8XVf45njxJLTJeCZ2RBAtP2Rw,UsLzzvWgjh6napUZuF4vWK4X8gFMMDdYTP3c5vDfvJR,150.33,1503.3
FmTuxvX2D3s4mnwoCsR5xCLBXpSzNjP5YouJ835byKgG,Asxtpu3XT6sD4CdbNmX7AXw5wm9z8CkvcXw7K8SdEWhZ,150.33,1503.3
FiY6TTtbmb5Dg9PVc5C8juuzg6j6fDea6Jrtzo1Hgxs5,2DLg2LnED8tY5QTCiFmk7E6yXxZpfKZano6vmLev71Dn,150.33,1503.3
BQc1DcHtQqqsLRENVvPHB3xyjgTj4Ry4usmWNtm8Yfk7,9ULAk5FN7TJqNdz1BvBeMnvKL1LhzucVQAxUfyUUC1QH,148.96,1489.6
7wVNc9LFBCvNmVCjUTrdm2q6eb4xeXsWbYiWkE5jbWKQ,2VaUTZBj32ezXmzqC2vy6Ng5qstAoeY41pAp5gkX9cJU,143.11,1431.1
7yWKLptHtYMU6rLaowczknRacsWQRDv1dVrS7sfuuFd9,3nQU2F7bnz4JfsqdgJNWwUPdZRE9Bm6CToe3drWConvE,142.1,1421
9tiZgAeaz9CvXo7Nw2gy4sYJbnDrSRsBuDgFJRuE5BPX,ED9E5seX8q8yhrsF65BGTQn2Ppw2UY6b8FnqomUWhfds,141.09,1410.9
4ArH88xQcUxncxew7KW1iFXHD5enmWwTUip6G6B9qQ4N,5mwh3UGMBeAAB18nAEdmycxT9QGgqTfPr1hhsbjRkYPU,130.41,1304.1
4TMTA5Wm5RcDLVSNHacEaSbPP98KuVzB5uBznx4qK1nn,EvynorW3bst3GPDnywnJtBAfFaBNfAaCF6q7vxFjUCxY,128.79,1287.9
4U2kDUXe2Xh5NCF5g2zW7EwYvEZh45mH95dJjy2cNSyv,Dr4az2JSt3ebzNCWTeQBHuJYoHSgCZDaXPZRhK5juLiD,128.52,1285.2
HzKxh1uaLAKZS8J86DPg75FLDNkekSLDZgvobHihrVq5,7Kd9KTiQStZmywoLuXCD7645ZY3d9DfLK9G3j2kv5jac,126.3,1263
6RRTDbhZRCitgBk92RCfTCM5CBwiJ8sAYK5E1WoZMGgC,4ZyEsnJczEGAw56PgduQ26f2YiKgntkgt7jgVNoiWukP,125.18,1251.8
46C3pY1X3yBBgHpsgob8kZd2GABnxzxuPdjE4Sx4GKhg,3EQXU4mAzQ7ogg1t5gAsm5Zt7AiaMv1TtoqL4TP8VZkL,125.08,1250.8
QK5fsDmUz38yRjpBeG8r7uJpBR4uY17mtuy3yrHVUbB,TzVsPPNzHQgyUUP3UWaMRugVcsyMUJrooaVXm9aeLyJ,125.02,1250.2
97T7UGZTPzYKQXymhivBWi7m9AakCQ56ufba3EhfSRck,HnFaJsRWRg48hXenTqoLx1JMJZAinzcTPftfKVkbPWLf,117.33,1173.3
4M4rGquYVGEPby4yMtbp6xb8KtRpXupMcZcwXxXWJK33,6ibqq9jprYsWu2geZKYNAXWj4WoEr2r6i2gYxvEwwtSk,117.33,1173.3
DWLtoF9K71PnWGTSxnHpwncSsvxAtsTnW326GvLMxppb,BHJPV36BuBEqBTmYyX82UiKyBokMBj3VaYQT3M6jWz8,115.33,1153.3
6DJD9UQtRFpoyrsxTmAVf7oNWivDACc2D8rQgqJhGAEL,2XpRKUrANtb3GqD3pJZiJxrEHZocUsqEjE82N3CXxW4F,113.52,1135.2
EEW7amaTZBoB5o9a3YN3N1uLkq22eV895JZrrqYWVu7x,6DL7JominB4QyEjeiTcoUhZuKnS5QVqC7WSXLRADhGtL,108.13,1081.3
82dadQ5ZjaS8SnWLtZL3BhnRyjeANHgb293ALuqbardv,44msPEAWET651dV2MEZuWf7SFkA9pUQ5Y7X9CH3s4nmL,100.66,1006.6
78BbfpXz5RvTvCjRTcnU3Ybj7VpLszPpogkVz835KHCh,7DTfwxN9PcC8Bpyq6zKLt5mLReNatgza8vP9uHhF8vMB,100.13,1001.3
AkUVX9DAAEu1zSUuTLdCC5JZhYQjhDc2NeJALUAy3Ci6,FWgWVVyPQdcKacfuXVscFr1YUaGhsDHfFXikuUKBTjcd,100,1000
A8FWxPgYXSBDswuEj48R471zpCTcnseALEFKJbX8kEB4,DTKfvNETX37CC1fxp6jeXZ1RCMsvkKRu5vbiWhkEASgt,100,1000
7jdrM33ArmVmUN4h9ESu5arXfB2HkE9b6zcGjY66P24p,53VLzqE7TU3T3xDwjZPebqgkKvHzYqUbML4q4YbRV6cZ,100,1000
3ewQ72QNBXx8sqYhF1HpMzJYsVdSPzZRcpPgPSTUHnhv,3bGizLiuqUUKabgRWj3SmggV4BiCGZcQVKJnJZh1WXuz,98.86,988.6
66ZC9U8y1uYaAxt4WFYVW11YZeZohvi8ev6wBHsAxykh,6NHGUmrUomZCbK7CyAKinAf7x8fvtp99M5KPDc1rWwuf,97.7,977
CZY9M9BywshFAFjPw7uLgXw9yGtNL26YypLCJdewiHo,5ZM4tguYuR5hcGQNRYLsSuWv2fKad65YHvVoqgdQVKY4,92.34,923.4